episode,iteration,return,length,max_progress
1,0,22.987284541130066,24,0.0
2,0,104.98595893383026,68,0.018679862841963768
3,0,169.78265750408173,111,0.016219547018408775
4,1,1583.6654705107212,2999,0.0
5,1,24.14235556125641,25,0.0
6,1,68.02753180265427,60,0.0
7,1,27.957434117794037,29,0.0
8,1,164.13058096170425,113,0.019924761727452278
9,1,136.48225343227386,100,0.018679862841963768
10,1,127.3395309150219,105,0.01744970493018627
11,1,178.7746468782425,119,0.04156548157334328
12,1,31.04070895910263,32,0.0
13,1,224.17743095755577,144,0.03765174373984337
14,2,526.4067566990852,297,0.06633123010396957
15,2,447.7517206892371,231,0.08259058743715286
16,2,22.77159321308136,24,0.0
17,2,26.511377096176147,27,0.0
18,2,30.87325209379196,32,0.0
19,2,118.74063891172409,97,0.018679862841963768
20,2,61.587904036045074,55,0.006340367719531059
21,2,47.68310225009918,48,0.0
22,2,26.997756242752075,28,0.0
23,2,46.15207064151764,47,0.0
24,2,114.31773935817182,76,0.019924761727452278
25,2,122.9444215297699,86,0.008838599547743797
26,2,395.7128795981407,250,0.07535088062286377
27,2,127.10426163673401,65,0.018679862841963768
28,2,70.18294501304626,43,0.014989389106631279
29,2,120.97370171546936,89,0.02490435354411602
30,2,845.8744901418686,92,0.04414835199713707
31,2,54.15627360343933,56,0.0
32,2,243.99929457902908,94,0.04026089981198311
33,2,171.0688299536705,104,0.02739414945244789
34,2,195.6747249364853,100,0.03373800218105316
35,2,26.03871351480484,27,0.0
36,2,27.619751513004303,27,0.0
37,2,105.12324318289757,66,0.016219547018408775
38,2,111.4377738237381,78,0.019924761727452278
39,2,113.5683753490448,44,0.016219547018408775
40,3,249.08816795051098,99,0.02988394722342491
41,3,214.03982454538345,92,0.02614925242960453
42,3,27.355162382125854,29,0.0
43,3,41.564197301864624,34,0.010068757459521294
44,3,103.15616828203201,77,0.016219547018408775
45,3,1035.0969516187906,126,0.04926152154803276
46,3,90.22128772735596,77,0.013759231194853783
47,3,392.73292388021946,142,0.04926152154803276
48,3,122.6309803724289,55,0.018679862841963768
49,3,143.58646500110626,106,0.031128844246268272
50,3,106.25574058294296,48,0.01129891537129879
51,3,28.899764716625214,30,0.0
52,3,5004.178167551756,98,0.018679862841963768
53,3,16.918021619319916,18,0.0
54,3,202.51118350028992,138,0.02241455763578415
55,3,222.57314306497574,78,0.013759231194853783
56,3,169.65723663568497,88,0.02116965875029564
57,3,337.78910261392593,123,0.02739414945244789
58,3,223.486787378788,118,0.04156548157334328
59,3,44.51453232765198,46,0.0
60,3,173.23183798789978,133,0.02614925242960453
61,3,93.47091770172119,73,0.01744970493018627
62,3,31.658124208450317,28,0.0
63,3,48.16865646839142,49,0.0
64,3,182.88966992497444,136,0.019924761727452278
65,4,321.98415154218674,106,0.014989389106631279
66,4,86.47913408279419,75,0.007608441635966301
67,4,36.43225288391113,38,0.0
68,4,63.29994338750839,37,0.010068757459521294
69,4,58.15761083364487,59,0.0
70,4,57.30278521776199,51,0.0
71,4,113.56913030147552,64,0.013759231194853783
72,4,164.14227031171322,74,0.031128844246268272
73,4,84.34850999712944,76,0.013759231194853783
74,4,61.539898574352264,61,0.0
75,4,197.81621825695038,202,0.0
76,4,85.71611428260803,41,0.007608441635966301
77,4,422.93490597605705,244,0.09152805805206299
78,4,146.41185492277145,91,0.031128844246268272
79,4,36.29148781299591,38,0.0
80,4,237.7910050228238,115,0.03504258394241333
81,4,345.8614517226815,272,0.03243342414498329
82,4,394.61791986227036,43,0.014989389106631279
83,4,162.60942523181438,86,0.03243342414498329
84,4,112.81225353479385,75,0.010068757459521294
85,4,34.78105050325394,35,0.0
86,4,31.82146590948105,33,0.0
87,4,192.58402678370476,148,0.0363471619784832
88,5,185.12420254945755,91,0.02116965875029564
89,5,15.902222514152527,17,0.0
90,5,60.43565410375595,62,0.0
91,5,114.34084141254425,60,0.02490435354411602
92,5,50.96134865283966,50,0.0
93,5,256.0069335401058,149,0.04798322916030884
94,5,19.714513063430786,21,0.0
95,5,98.6780551970005,94,0.01129891537129879
96,5,188.38399076461792,37,0.007608441635966301
97,5,646.3832905292511,99,0.04287005960941315
98,5,69.34115594625473,46,0.013759231194853783
99,5,187.9168033003807,80,0.03243342414498329
100,5,142.6176233291626,87,0.0363471619784832
101,5,139.2620494365692,79,0.0286390483379364
102,5,14.341265976428986,13,0.0
103,5,301.3175068348646,143,0.056117575615644455
104,5,292.8558870255947,79,0.016219547018408775
105,5,74.1417161822319,59,0.010068757459521294
106,5,112.81902778148651,68,0.016219547018408775
107,5,74.00521749258041,62,0.01129891537129879
108,5,43.12492799758911,37,0.010068757459521294
109,5,41.71578735113144,37,0.007608441635966301
110,5,169.0964690744877,80,0.02241455763578415
111,5,102.94171458482742,63,0.012529073283076286
112,5,77.73901915550232,55,0.014989389106631279
113,5,36.43470972776413,37,0.0
114,5,160.59141129255295,98,0.03895632177591324
115,5,31.1844180226326,32,0.0
116,5,315.59132158756256,61,0.019924761727452278
117,5,142.5381463766098,92,0.02739414945244789
118,5,49.07057708501816,40,0.007608441635966301
119,6,196.90557113289833,101,0.03765174373984337
120,6,105.11634230613708,99,0.012529073283076286
121,6,163.7998293042183,90,0.03243342414498329
122,6,206.36609801650047,85,0.031128844246268272
123,6,81.90352320671082,82,0.0
124,6,128.17452135682106,94,0.016219547018408775
125,6,17.93565970659256,19,0.0
126,6,89.25415641069412,50,0.012529073283076286
127,6,895.6057147979736,70,0.014989389106631279
128,6,53.07633584737778,40,0.012529073283076286
129,6,167.59501028060913,97,0.016219547018408775
130,6,24.977446913719177,24,0.0
131,6,138.70205187797546,85,0.03243342414498329
132,6,39.94115036725998,39,0.0
133,6,54.346347630023956,42,0.01129891537129879
134,6,64.90747946500778,50,0.008838599547743797
135,6,15.737321257591248,16,0.0
136,6,20.81750476360321,22,0.0
137,6,40.81823855638504,42,0.0
138,6,175.78064626455307,121,0.031128844246268272
139,6,180.60906249284744,68,0.01744970493018627
140,6,119.66529071331024,74,0.02739414945244789
141,6,125.58806437253952,93,0.03243342414498329
142,6,80.03852507472038,62,0.01129891537129879
143,6,21.763749301433563,23,0.0
144,6,173.2604332715273,81,0.031128844246268272
145,6,164.53835633397102,90,0.031128844246268272
146,6,183.20398458838463,96,0.03895632177591324
147,6,77.15265321731567,70,0.006340367719531059
148,6,56.8830941170454,48,0.010068757459521294
149,6,67.17263251543045,48,0.014989389106631279
150,6,44.65937215089798,34,0.008838599547743797
151,6,87.56229245662689,32,0.010068757459521294
152,7,161.68515452742577,73,0.02116965875029564
153,7,77.55211326479912,52,0.014989389106631279
154,7,28.393985629081726,29,0.0
155,7,25.507127702236176,27,0.0
156,7,113.41776078939438,65,0.013759231194853783
157,7,192.53504437208176,90,0.019924761727452278
158,7,82.98802351951599,65,0.01129891537129879
159,7,99.88822901248932,72,0.019924761727452278
160,7,393.42117950320244,179,0.0767328217625618
161,7,83.9962452352047,74,0.016219547018408775
162,7,106.46245086193085,78,0.019924761727452278
163,7,22.791275143623352,24,0.0
164,7,65.50125283002853,66,0.0
165,7,344.305281996727,129,0.05053981393575668
166,7,110.44050025939941,96,0.01129891537129879
167,7,71.78443026542664,53,0.010068757459521294
168,7,194.3573506474495,80,0.02365945652127266
169,7,334.7098609358072,172,0.051818106323480606
170,7,97.7412348985672,62,0.01129891537129879
171,7,176.8246894776821,68,0.02490435354411602
172,7,245.8848118185997,69,0.018679862841963768
173,9,1596.2043186426163,2999,0.0
174,9,35.17271447181702,36,0.0
175,9,80.84133130311966,59,0.014989389106631279
176,9,181.27464830875397,98,0.046704936772584915
177,9,142.0644737482071,87,0.02614925242960453
178,9,186.34829458594322,44,0.01744970493018627
179,9,619.4384272694588,140,0.07401246577501297
180,9,51.370248556137085,53,0.0
181,9,136.11539846658707,66,0.019924761727452278
182,9,156.31995430588722,52,0.018679862841963768
183,9,76.7193273305893,73,0.007608441635966301
184,9,142.5828223824501,88,0.0
185,9,84.85575932264328,59,0.012529073283076286
186,9,164.55382171273232,86,0.0286390483379364
187,9,95.33841788768768,55,0.01129891537129879
188,9,48.789431393146515,50,0.0
189,9,53.5753755569458,45,0.008838599547743797
190,9,152.62785866856575,85,0.03243342414498329
191,9,94.64041259884834,58,0.01744970493018627
192,9,3794.5473644137383,47,0.012529073283076286
193,9,47.485470086336136,37,0.010068757459521294
194,9,114.60337460041046,74,0.031128844246268272
195,9,35.633530020713806,35,0.0
196,10,284.35331988334656,127,0.04026089981198311
197,10,121.33792093396187,73,0.02988394722342491
198,10,31.697800755500793,33,0.0
199,10,85.31303668022156,73,0.008838599547743797
200,10,48.28047323226929,49,0.0
201,10,75.95573633909225,54,0.012529073283076286
202,10,91.95209348201752,61,0.01744970493018627
203,10,84.43682831525803,65,0.012529073283076286
204,10,262.319471091032,116,0.05053981393575668
205,10,103.93225288391113,58,0.02116965875029564
206,10,210.67586755752563,91,0.03243342414498329
207,10,162.20534771680832,88,0.0286390483379364
208,10,102.21264332532883,32,0.007608441635966301
209,10,26.864945113658905,26,0.0
210,10,1013.6784778237343,152,0.04798322916030884
211,10,614.2413483858109,143,0.07254086434841156
212,10,119.51168155670166,68,0.02365945652127266
213,10,222.7748589515686,99,0.01129891537129879
214,10,29.72328293323517,31,0.0
215,10,129.77283078432083,51,0.01129891537129879
216,10,223.9514321386814,104,0.05053981393575668
217,10,264.8032590150833,112,0.03373800218105316
218,10,1782.0603437423706,80,0.031128844246268272
219,10,171.5539211332798,87,0.01744970493018627
220,10,476.27222061157227,159,0.08400815725326538
221,10,163.73108261823654,68,0.02241455763578415
222,11,150.02364963293076,53,0.01129891537129879
223,11,226.29098892211914,121,0.03765174373984337
224,11,62.85100340843201,50,0.010068757459521294
225,11,52.88972753286362,43,0.010068757459521294
226,11,437.7293353676796,245,0.08688786625862122
227,11,217.64580059051514,101,0.0363471619784832
228,11,79.89295518398285,62,0.01129891537129879
229,11,140.52371180057526,82,0.03895632177591324
230,11,63.28223675489426,59,0.0
231,11,91.97472012042999,62,0.018679862841963768
232,11,149.4104664325714,107,0.02988394722342491
233,11,95.15857309103012,48,0.019924761727452278
234,11,129.83365499973297,56,0.018679862841963768
235,11,88.16647332906723,64,0.013759231194853783
236,11,69.176274985075,51,0.010068757459521294
237,11,87.8122843503952,58,0.02116965875029564
238,11,33.126686692237854,34,0.0
239,11,151.4262825846672,93,0.03765174373984337
240,11,36.62442249059677,38,0.0
241,11,156.74344604462385,73,0.031128844246268272
242,11,610.6123510599136,180,0.08840491622686386
243,11,71.31535744667053,38,0.01129891537129879
244,11,324.15675818920135,83,0.031128844246268272
245,11,18.57172203063965,20,0.0
246,11,168.96947771310806,73,0.02241455763578415
247,11,167.70154577493668,123,0.018679862841963768
248,11,80.59569907188416,54,0.01129891537129879
249,12,97.03494340926409,58,0.02365945652127266
250,12,66.96136492490768,39,0.01129891537129879
251,12,154.8489469885826,100,0.03895632177591324
252,12,79.84559427946806,74,0.01129891537129879
253,12,134.71699476242065,81,0.03373800218105316
254,12,149.75189331173897,81,0.03765174373984337
255,12,53.792492628097534,41,0.012529073283076286
256,12,97.23998028039932,62,0.016219547018408775
257,12,47.60261356830597,43,0.008838599547743797
258,12,95.74595475196838,78,0.014989389106631279
259,12,262.4181327223778,83,0.012529073283076286
260,12,525.3426639437675,161,0.07820200175046921
261,12,179.9286834001541,57,0.013759231194853783
262,12,186.97802704572678,78,0.018679862841963768
263,12,2618.5309856534004,72,0.03243342414498329
264,12,38.08646982908249,38,0.0
265,12,211.2264546751976,163,0.031128844246268272
266,12,265.83799931406975,109,0.02614925242960453
267,12,107.0001825094223,67,0.02116965875029564
268,12,104.65630239248276,65,0.019924761727452278
269,12,56.0889827311039,40,0.012529073283076286
270,12,126.02866768836975,78,0.03765174373984337
271,12,141.14565324783325,58,0.02241455763578415
272,12,109.35963064432144,70,0.014989389106631279
273,12,23.32275915145874,25,0.0
274,12,149.96669322252274,65,0.019924761727452278
275,12,36.81530201435089,38,0.0
276,12,82.98168355226517,53,0.016219547018408775
277,12,24.324114501476288,25,0.0
278,13,183.51483330130577,114,0.04287005960941315
279,13,56.20959848165512,40,0.010068757459521294
280,13,171.5756431221962,98,0.03765174373984337
281,13,119.75799083709717,87,0.010068757459521294
282,13,375.46946120262146,126,0.046704936772584915
283,13,122.42483019828796,75,0.01744970493018627
284,13,130.93576714396477,93,0.02241455763578415
285,13,156.1098445057869,77,0.02614925242960453
286,13,76.23466348648071,44,0.014989389106631279
287,13,99.72940170764923,61,0.016219547018408775
288,13,77.5330562889576,61,0.01129891537129879
289,13,236.9787536263466,88,0.04414835199713707
290,13,140.10918217897415,59,0.02365945652127266
291,13,49.503066062927246,50,0.0
292,13,156.1521439254284,134,0.012529073283076286
293,13,40.81413805484772,42,0.0
294,13,205.84152668714523,105,0.05468441918492317
295,13,23.254644691944122,24,0.0
296,13,311.7418752759695,171,0.08542312681674957
297,13,73.60797548294067,47,0.016219547018408775
298,13,170.71722987294197,103,0.02614925242960453
299,13,128.12484270334244,70,0.0363471619784832
300,13,78.60110211372375,54,0.007608441635966301
301,13,103.74195265769958,69,0.02365945652127266
302,13,324.87822149693966,176,0.056117575615644455
303,14,312.44091659784317,86,0.04926152154803276
304,14,109.20810401439667,61,0.02614925242960453
305,14,123.171058177948,83,0.03373800218105316
306,14,1702.3218811154366,117,0.06856442242860794
307,14,376.6855476498604,225,0.08688786625862122
308,14,68.84744548797607,62,0.0
309,14,34.498718559741974,34,0.0
310,14,129.60534749925137,79,0.031128844246268272
311,14,115.33769434690475,58,0.0286390483379364
312,14,147.30578434467316,78,0.01129891537129879
313,14,27.867252588272095,29,0.0
314,14,56.95039767026901,41,0.01129891537129879
315,14,133.05527025461197,98,0.019924761727452278
316,14,90.53282898664474,69,0.012529073283076286
317,14,46.655812323093414,32,0.010068757459521294
318,14,369.3126893043518,108,0.06856442242860794
319,14,146.07890367507935,98,0.03373800218105316
320,14,288.1228407025337,125,0.05755073204636574
321,14,816.0365515351295,127,0.05468441918492317
322,14,126.46981248259544,82,0.031128844246268272
323,14,253.32721439003944,151,0.0641738772392273
324,14,49.8272984623909,37,0.01129891537129879
325,15,356.2678386569023,255,0.05468441918492317
326,15,14.322183012962341,16,0.0
327,15,119.13268619775772,57,0.013759231194853783
328,15,161.9371163547039,74,0.02490435354411602
329,15,133.202179312706,82,0.0286390483379364
330,15,285.6400936841965,129,0.06633123010396957
331,15,142.8792052268982,78,0.03765174373984337
332,15,61.074946731328964,50,0.010068757459521294
333,15,255.1674873828888,86,0.02988394722342491
334,15,120.44677329063416,68,0.02988394722342491
335,15,52.16188144683838,38,0.01129891537129879
336,15,171.52852228283882,88,0.02988394722342491
337,15,95.29470387101173,66,0.016219547018408775
338,15,336.8641856908798,189,0.07967501878738403
339,15,190.05980044603348,75,0.04026089981198311
340,15,156.67915418744087,52,0.010068757459521294
341,15,58.3665075302124,59,0.0
342,15,66.92435276508331,55,0.007608441635966301
343,15,462.82956647872925,124,0.07535088062286377
344,15,196.53393989801407,130,0.0286390483379364
345,15,63.60258600115776,47,0.014989389106631279
346,15,49.69278900325298,48,0.006340367719531059
347,15,40.45021563768387,41,0.0
348,15,511.6301597058773,140,0.08259058743715286
349,15,974.4099814072251,156,0.08542312681674957
350,16,1075.7282336950302,199,0.11431839317083359
351,16,313.15403647720814,169,0.0767328217625618
352,16,226.2574336528778,86,0.03765174373984337
353,16,106.49009585380554,109,0.0
354,16,249.51021647453308,172,0.01744970493018627
355,16,89.87845122814178,59,0.01744970493018627
356,16,94.58276838064194,59,0.019924761727452278
357,16,127.42302066087723,82,0.03373800218105316
358,16,47.77428078651428,49,0.0
359,16,249.2072048485279,104,0.04542664438486099
360,16,284.1358051896095,90,0.0363471619784832
361,16,89.58389520645142,62,0.016219547018408775
362,16,133.5424718260765,105,0.02490435354411602
363,16,40.22887301445007,41,0.0
364,16,75.61088168621063,44,0.01744970493018627
365,16,327.7573989033699,183,0.04414835199713707
366,16,58.369085252285004,59,0.0
367,16,104.38007509708405,55,0.014989389106631279
368,16,332.1541420817375,156,0.06015569344162941
369,16,296.06785744428635,119,0.05053981393575668
370,16,98.44615173339844,55,0.013759231194853783
371,17,304.37930607795715,126,0.056117575615644455
372,17,98.605897128582,57,0.012529073283076286
373,17,187.86990877985954,96,0.04542664438486099
374,17,65.48562979698181,53,0.008838599547743797
375,17,273.38461941480637,145,0.06281602382659912
376,17,170.53229171037674,102,0.014989389106631279
377,17,99.34804737567902,77,0.013759231194853783
378,17,119.72635382413864,71,0.03373800218105316
379,17,88.91191011667252,62,0.016219547018408775
380,17,241.0601328611374,92,0.04156548157334328
381,17,151.85484397411346,57,0.018679862841963768
382,17,133.4703558087349,70,0.02614925242960453
383,17,207.9491902142763,86,0.02614925242960453
384,17,49.21755611896515,47,0.0
385,17,88.61680096387863,49,0.016219547018408775
386,17,364.87073117494583,152,0.05053981393575668
387,17,99.75316333770752,68,0.018679862841963768
388,17,113.87525421380997,62,0.02365945652127266
389,17,190.1584221124649,52,0.013759231194853783
390,17,176.6251140832901,60,0.012529073283076286
391,17,121.64195919036865,32,0.010068757459521294
392,17,149.58456334471703,97,0.03895632177591324
393,17,131.0828886628151,87,0.03243342414498329
394,17,124.80161112546921,73,0.0286390483379364
395,17,66.40151870250702,68,0.0
396,17,91.59775191545486,60,0.01129891537129879
397,18,381.3644908666611,212,0.0767328217625618
398,18,463.76358991861343,255,0.08259058743715286
399,18,80.07594150304794,80,0.0
400,18,202.5050923526287,117,0.04798322916030884
401,18,309.8433271050453,144,0.058853212743997574
402,18,259.31088246405125,138,0.051818106323480606
403,18,345.5215485692024,168,0.06633123010396957
404,18,38.78840237855911,38,0.0
405,18,22.465158224105835,24,0.0
406,18,62.67154109477997,38,0.01129891537129879
407,18,607.8580314442515,215,0.0641738772392273
408,18,91.70528876781464,62,0.012529073283076286
409,18,68.73622530698776,65,0.0
410,18,122.1783789396286,78,0.02365945652127266
411,18,108.64124566316605,81,0.014989389106631279
412,18,385.92064598202705,185,0.08840491622686386
413,18,415.39142405986786,159,0.08542312681674957
414,19,204.8165898323059,121,0.0707751214504242
415,19,111.13073545694351,114,0.0
416,19,254.3189291357994,133,0.06015569344162941
417,19,526.147640645504,137,0.05325126275420189
418,19,29.60479700565338,31,0.0
419,19,34.1079495549202,35,0.0
420,19,82.22448545694351,47,0.008838599547743797
421,19,406.2986413538456,130,0.061458174139261246
422,19,285.888026535511,185,0.03243342414498329
423,19,137.83677554130554,63,0.02241455763578415
424,19,96.84482514858246,69,0.02241455763578415
425,19,88.49187278747559,63,0.013759231194853783
426,19,373.4835025072098,187,0.08259058743715286
427,19,31.75243389606476,33,0.0
428,19,549.9707237407565,208,0.08840491622686386
429,19,326.0200934410095,131,0.07535088062286377
430,19,341.24181520938873,186,0.08259058743715286
431,19,260.5883703827858,146,0.06856442242860794
432,20,334.57178968191147,136,0.06633123010396957
433,20,158.47648203372955,67,0.0286390483379364
434,20,354.06597712635994,147,0.0767328217625618
435,20,194.7614672780037,108,0.06281602382659912
436,20,443.4198320508003,160,0.08400815725326538
437,20,194.89439025521278,95,0.05053981393575668
438,20,64.22420084476471,40,0.01129891537129879
439,20,406.1094240695238,245,0.09650444984436035
440,20,96.9046259522438,47,0.016219547018408775
441,20,156.52306344360113,123,0.0363471619784832
442,20,144.23813319206238,134,0.008838599547743797
443,20,58.75920456647873,35,0.010068757459521294
444,20,288.2947255373001,124,0.0707751214504242
445,20,428.5505952909589,173,0.058853212743997574
446,20,113.34198427200317,73,0.014989389106631279
447,20,18.768846333026886,20,0.0
448,20,53.551388680934906,44,0.0
449,20,24.430329620838165,25,0.0
450,20,369.69730573892593,102,0.04414835199713707
451,20,77.14515408873558,61,0.013759231194853783
452,20,48.748803436756134,50,0.0
453,20,40.86710721254349,41,0.0
454,21,370.2456663250923,122,0.05325126275420189
455,21,555.477941095829,200,0.10306266695261002
456,21,114.82871216535568,91,0.01744970493018627
457,21,85.15949374437332,53,0.01744970493018627
458,21,190.3508252799511,81,0.0286390483379364
459,21,32.86083376407623,33,0.0
460,21,294.60676646232605,110,0.0641738772392273
461,21,47.09411811828613,48,0.0
462,21,245.5627614557743,132,0.06856442242860794
463,21,69.98219680786133,52,0.01129891537129879
464,21,293.8400925397873,165,0.0363471619784832
465,21,135.72610366344452,81,0.02241455763578415
466,21,183.3087755739689,122,0.06015569344162941
467,21,343.9301602691412,39,0.012529073283076286
468,21,354.88724648952484,114,0.03373800218105316
469,21,75.05274057388306,46,0.012529073283076286
470,21,228.80784839391708,136,0.05468441918492317
471,21,43.883309960365295,44,0.0
472,21,63.16320049762726,65,0.0
473,21,477.5118686258793,105,0.05053981393575668
474,21,159.43022561073303,75,0.02988394722342491
475,21,420.41424587368965,243,0.07967501878738403
476,22,953.7505001351237,219,0.09819023311138153
477,22,387.1971049308777,135,0.07820200175046921
478,22,160.3594969511032,62,0.02365945652127266
479,22,127.70145499706268,69,0.02241455763578415
480,22,190.9447158575058,76,0.03765174373984337
481,22,416.13044130802155,129,0.08995965868234634
482,22,215.8799616098404,139,0.04414835199713707
483,22,300.176737844944,84,0.046704936772584915
484,22,382.1288039088249,136,0.046704936772584915
485,22,70.21359544992447,54,0.012529073283076286
486,22,105.38383781909943,60,0.03765174373984337
487,22,94.39351046085358,71,0.014989389106631279
488,22,307.7356795370579,151,0.056117575615644455
489,22,80.45961451530457,59,0.01744970493018627
490,22,321.6657980084419,140,0.08259058743715286
491,22,555.4002501368523,164,0.0767328217625618
492,22,168.76451544463634,103,0.03895632177591324
493,22,257.6111305952072,104,0.061458174139261246
494,22,83.88551390171051,54,0.01744970493018627
495,23,293.59839618206024,88,0.05053981393575668
496,23,275.35487616062164,61,0.0363471619784832
497,23,117.98223173618317,66,0.02988394722342491
498,23,252.36441007256508,150,0.08114192634820938
499,23,233.24946719408035,104,0.07254086434841156
500,23,169.33068925142288,92,0.04287005960941315
501,23,562.0074729323387,111,0.06633123010396957
502,23,75.72389853000641,55,0.018679862841963768
503,23,46.34011268615723,47,0.0
504,23,238.75813621282578,102,0.05053981393575668
505,23,140.7763232588768,131,0.01129891537129879
506,23,266.53284472227097,130,0.061458174139261246
507,23,109.08104449510574,58,0.018679862841963768
508,23,79.07142394781113,50,0.01744970493018627
509,23,308.5123024582863,136,0.07535088062286377
510,23,544.8968359082937,183,0.08688786625862122
511,23,126.73229598999023,56,0.02116965875029564
512,23,206.05465533584356,87,0.056117575615644455
513,23,59.46431487798691,41,0.014989389106631279
514,23,45.581824362277985,35,0.010068757459521294
515,23,448.6219045817852,165,0.07820200175046921
516,23,287.196552246809,116,0.05325126275420189
517,24,150.3676257133484,69,0.031128844246268272
518,24,23.38476914167404,25,0.0
519,24,319.4173618853092,97,0.04926152154803276
520,24,48.59928584098816,50,0.0
521,24,107.36191302537918,77,0.02739414945244789
522,24,75.80735313892365,76,0.0
523,24,53.7016978263855,53,0.0
524,24,139.53820025920868,82,0.04026089981198311
525,24,40.630561888217926,42,0.0
526,24,175.3242581486702,99,0.031128844246268272
527,24,44.973613917827606,46,0.0
528,24,147.02784740924835,96,0.02365945652127266
529,24,406.25421965122223,159,0.08259058743715286
530,24,137.02712500095367,47,0.007608441635966301
531,24,168.35215425491333,51,0.012529073283076286
532,24,477.38327103853226,179,0.08688786625862122
533,24,50.460320591926575,52,0.0
534,24,82.38618767261505,63,0.008838599547743797
535,24,168.1032439470291,75,0.03765174373984337
536,24,521.321115642786,143,0.08259058743715286
537,24,147.1002731025219,115,0.02614925242960453
538,24,317.0889229774475,90,0.03895632177591324
539,24,143.6140438914299,90,0.046704936772584915
540,24,112.6326550245285,90,0.012529073283076286
541,24,51.228866666555405,39,0.008838599547743797
542,25,375.8729357123375,117,0.05755073204636574
543,25,147.64894837141037,111,0.02739414945244789
544,25,107.58494983613491,73,0.02739414945244789
545,25,156.13562217354774,84,0.04287005960941315
546,25,335.1321943998337,144,0.08114192634820938
547,25,140.70159298181534,74,0.04156548157334328
548,25,292.45548963546753,138,0.08114192634820938
549,25,114.7174928188324,68,0.013759231194853783
550,25,355.6997135877609,150,0.07967501878738403
551,25,70.31095415353775,43,0.008838599547743797
552,25,211.93218153715134,90,0.05468441918492317
553,25,275.037462413311,178,0.05468441918492317
554,25,138.28897915780544,81,0.04156548157334328
555,25,411.233937561512,265,0.08542312681674957
556,25,328.86629885435104,155,0.07820200175046921
557,25,64.60056686401367,32,0.013759231194853783
558,25,358.7270704507828,96,0.051818106323480606
559,25,341.799682199955,160,0.08400815725326538
560,26,2610.4416766762733,94,0.04287005960941315
561,26,60.166164577007294,38,0.012529073283076286
562,26,267.74504056572914,150,0.0707751214504242
563,26,113.09113943576813,57,0.018679862841963768
564,26,161.31332674622536,116,0.02365945652127266
565,26,85.65647849440575,59,0.01129891537129879
566,26,464.09019619226456,180,0.08688786625862122
567,26,28.82491683959961,30,0.0
568,26,285.20242351293564,80,0.03895632177591324
569,26,313.1349495500326,110,0.07254086434841156
570,26,558.8777582645416,102,0.05325126275420189
571,26,42.65627211332321,43,0.0
572,26,590.9709558039904,155,0.0707751214504242
573,26,276.0642655491829,102,0.051818106323480606
574,26,87.41350532323122,54,0.019924761727452278
575,26,249.82403454184532,136,0.061458174139261246
576,26,145.2551327943802,78,0.03504258394241333
577,26,208.15647667646408,105,0.03765174373984337
578,26,467.1211995482445,148,0.07535088062286377
579,26,138.82794666290283,87,0.013759231194853783
580,26,193.64141695201397,131,0.0707751214504242
581,27,808.3345077335835,166,0.07254086434841156
582,27,29.614541232585907,31,0.0
583,27,30.87322747707367,32,0.0
584,27,251.40771532058716,104,0.04026089981198311
585,27,476.7600791454315,134,0.07820200175046921
586,27,187.89293903112411,98,0.04798322916030884
587,27,49.54122006893158,50,0.0
588,27,85.29567909240723,48,0.016219547018408775
589,27,84.88575422763824,48,0.013759231194853783
590,27,270.64378859102726,87,0.04026089981198311
591,27,84.68680328130722,54,0.02614925242960453
592,27,487.1883952021599,209,0.08400815725326538
593,27,431.41088300943375,164,0.08542312681674957
594,27,29.51646399497986,31,0.0
595,27,722.9227843880653,110,0.06633123010396957
596,27,455.9970743358135,151,0.046704936772584915
597,27,331.0902210474014,128,0.0767328217625618
598,27,1055.77309268713,181,0.07820200175046921
599,27,211.53868836164474,116,0.051818106323480606
600,27,329.96762704849243,161,0.05468441918492317
601,28,1567.8122852146626,131,0.07535088062286377
602,28,361.7455749809742,136,0.07820200175046921
603,28,342.0371862947941,134,0.06856442242860794
604,28,113.13974291086197,114,0.0
605,28,107.32091450691223,62,0.02365945652127266
606,28,1215.2832047343254,119,0.05053981393575668
607,28,748.9470829963684,145,0.08114192634820938
608,28,134.6833018362522,72,0.02241455763578415
609,28,414.32958447933197,138,0.07967501878738403
610,28,376.2234215736389,165,0.08840491622686386
611,28,69.91799086332321,61,0.0
612,28,142.21829654835165,99,0.02614925242960453
613,28,260.5031290501356,91,0.05053981393575668
614,28,219.31624501943588,92,0.04926152154803276
615,28,195.0812000632286,103,0.05468441918492317
616,28,402.91707295179367,132,0.07820200175046921
617,28,201.50280544161797,92,0.04026089981198311
618,28,190.36526158452034,85,0.03765174373984337
619,29,1554.5484273433685,183,0.0641738772392273
620,29,69.12987405061722,46,0.014989389106631279
621,29,193.016945540905,104,0.051818106323480606
622,29,162.87966912984848,76,0.04798322916030884
623,29,328.289742231369,159,0.08259058743715286
624,29,323.9452654123306,99,0.05755073204636574
625,29,112.34073495864868,57,0.013759231194853783
626,29,479.9605946838856,151,0.08259058743715286
627,29,45.14530575275421,46,0.0
628,29,197.33353912830353,125,0.04542664438486099
629,29,566.439207315445,99,0.05468441918492317
630,29,428.9236875772476,114,0.0767328217625618
631,29,501.855401545763,99,0.05325126275420189
632,29,578.5846694111824,111,0.04926152154803276
633,29,395.98866310715675,127,0.07967501878738403
634,29,415.06840220093727,162,0.09152805805206299
635,29,95.25353294610977,56,0.02365945652127266
636,29,57.97898066043854,41,0.0
637,29,149.34226661920547,93,0.02614925242960453
638,29,136.74758431315422,88,0.03373800218105316
639,29,28.811101377010345,30,0.0
640,29,95.12238308787346,47,0.01744970493018627
641,30,153.42715334892273,57,0.02614925242960453
642,30,113.7592602968216,52,0.019924761727452278
643,30,402.6094119846821,167,0.09313339740037918
644,30,88.61227941513062,71,0.010068757459521294
645,30,309.94398337602615,158,0.08114192634820938
646,30,276.511643409729,128,0.08259058743715286
647,30,118.77217203378677,91,0.012529073283076286
648,30,157.3284776210785,70,0.04156548157334328
649,30,108.3028712272644,79,0.016219547018408775
650,30,263.1874989569187,118,0.056117575615644455
651,30,477.6301337480545,195,0.08840491622686386
652,30,248.81980535387993,127,0.0707751214504242
653,30,342.5788293480873,169,0.08114192634820938
654,30,277.62443056702614,148,0.07401246577501297
655,30,80.02469283342361,56,0.019924761727452278
656,30,65.29072344303131,36,0.01129891537129879
657,30,119.60888624191284,61,0.019924761727452278
658,30,71.29820680618286,43,0.010068757459521294
659,30,100.58967897295952,47,0.019924761727452278
660,30,375.7717487215996,80,0.04287005960941315
661,30,139.1600672006607,59,0.02116965875029564
662,31,309.83906358480453,132,0.07401246577501297
663,31,611.2021822929382,173,0.08840491622686386
664,31,644.4814463853836,163,0.07254086434841156
665,31,267.11795035004616,116,0.0767328217625618
666,31,110.17768514156342,61,0.019924761727452278
667,31,219.29749989509583,77,0.0286390483379364
668,31,262.7176290154457,104,0.06856442242860794
669,31,843.1853446364403,173,0.061458174139261246
670,31,329.08750796318054,109,0.08114192634820938
671,31,69.91880720853806,42,0.01744970493018627
672,31,69.92678117752075,46,0.01129891537129879
673,31,134.57593297958374,88,0.0363471619784832
674,33,1533.9947109222412,2999,0.0
675,33,228.0875064432621,102,0.058853212743997574
676,33,188.98566937446594,96,0.04542664438486099
677,33,251.69508509337902,76,0.031128844246268272
678,33,684.1661909520626,137,0.07535088062286377
679,33,155.71215838193893,85,0.04542664438486099
680,33,177.5559578537941,67,0.0363471619784832
681,33,442.0625146627426,141,0.08688786625862122
682,33,107.0207267999649,52,0.02116965875029564
683,33,49.06347352266312,37,0.007608441635966301
684,33,397.8834197819233,125,0.06856442242860794
685,33,35.242103576660156,37,0.0
686,33,161.314961373806,71,0.02988394722342491
687,33,332.1550362408161,144,0.07254086434841156
688,33,137.33262714743614,82,0.04156548157334328
689,33,423.4815259575844,143,0.08114192634820938
690,33,103.18065083026886,66,0.016219547018408775
691,33,175.40392470359802,79,0.03765174373984337
692,33,798.684435993433,98,0.05053981393575668
693,33,212.1425525844097,104,0.06281602382659912
694,33,107.78478765487671,66,0.008838599547743797
695,33,111.15477430820465,47,0.014989389106631279
696,33,49.57076197862625,51,0.0
697,34,160.64063608646393,73,0.04156548157334328
698,34,108.71917408704758,75,0.02739414945244789
699,34,160.70232221484184,77,0.04542664438486099
700,34,292.7741471529007,101,0.0767328217625618
701,34,526.1279032826424,154,0.07967501878738403
702,34,97.43537592887878,64,0.013759231194853783
703,34,132.64573168754578,86,0.016219547018408775
704,34,117.89536643028259,64,0.03373800218105316
705,34,282.3816608786583,125,0.07820200175046921
706,34,521.5002739429474,55,0.012529073283076286
707,34,204.40878587961197,99,0.056117575615644455
708,34,356.162477016449,127,0.08259058743715286
709,34,515.2661917731166,136,0.08114192634820938
710,34,433.7708198428154,132,0.08114192634820938
711,34,305.7292519211769,104,0.06633123010396957
712,34,110.49965071678162,81,0.013759231194853783
713,34,95.91842520236969,63,0.02614925242960453
714,34,429.06932258605957,112,0.07967501878738403
715,34,378.002797216177,80,0.04287005960941315
716,34,207.29560273885727,96,0.051818106323480606
717,34,103.84244579076767,60,0.018679862841963768
718,35,210.6317721903324,98,0.056117575615644455
719,35,98.41838335990906,62,0.012529073283076286
720,35,161.28820271790028,74,0.03765174373984337
721,35,324.5749788284302,111,0.07820200175046921
722,35,115.32383322715759,91,0.014989389106631279
723,35,23.861952364444733,25,0.0
724,35,140.3204610645771,73,0.02988394722342491
725,35,104.70238870382309,61,0.012529073283076286
726,35,78.85826671123505,54,0.01129891537129879
727,35,181.16701367497444,112,0.04926152154803276
728,35,440.7660833001137,143,0.08542312681674957
729,35,93.24696389585733,74,0.016219547018408775
730,35,210.4194728732109,105,0.03504258394241333
731,35,503.39487051963806,108,0.08259058743715286
732,35,146.5153437256813,79,0.04798322916030884
733,35,54.41581642627716,56,0.0
734,35,193.96005803346634,88,0.06015569344162941
735,35,177.70619279146194,84,0.03504258394241333
736,35,81.9832823574543,49,0.018679862841963768
737,35,214.40873232483864,101,0.061458174139261246
738,35,99.91562624275684,65,0.0286390483379364
739,35,307.6226082146168,92,0.05468441918492317
740,35,127.5845056772232,63,0.0286390483379364
741,35,634.1698713302612,112,0.061458174139261246
742,35,211.5996425896883,97,0.051818106323480606
743,36,151.48093459010124,75,0.04414835199713707
744,36,733.5051754117012,83,0.056117575615644455
745,36,194.35003662109375,66,0.03243342414498329
746,36,668.2864334583282,74,0.016219547018408775
747,36,388.6800579726696,148,0.07254086434841156
748,36,207.9127552509308,115,0.03895632177591324
749,36,92.3974279910326,55,0.02116965875029564
750,36,240.56045597791672,108,0.07967501878738403
751,36,324.4941576421261,134,0.0767328217625618
752,36,310.2092425227165,112,0.08542312681674957
753,36,293.6700971722603,126,0.08542312681674957
754,36,91.87198555469513,41,0.01129891537129879
755,36,102.68702378869057,67,0.03243342414498329
756,36,188.22708323597908,75,0.03373800218105316
757,36,560.1264716386795,122,0.08114192634820938
758,36,92.23962193727493,47,0.012529073283076286
759,36,104.67052203416824,56,0.018679862841963768
760,36,386.01313412189484,77,0.03243342414498329
761,36,306.36916556954384,93,0.0767328217625618
762,36,148.26594027876854,100,0.03373800218105316
763,36,351.68607717752457,130,0.07967501878738403
764,36,371.1401137113571,66,0.04026089981198311
765,36,70.62835520505905,33,0.012529073283076286
766,38,1577.11170732975,2999,0.0012680735671892762
767,38,78.58293044567108,48,0.01744970493018627
768,38,174.65583765506744,97,0.04026089981198311
769,38,189.98347327113152,91,0.05468441918492317
770,38,170.29110312461853,60,0.01744970493018627
771,38,531.0614362955093,137,0.07820200175046921
772,38,224.4825809597969,94,0.04926152154803276
773,38,162.43530255556107,67,0.031128844246268272
774,38,121.15132486820221,68,0.031128844246268272
775,38,75.8268612921238,52,0.007608441635966301
776,38,120.79693454504013,77,0.04026089981198311
777,38,938.5346841216087,145,0.08259058743715286
778,38,200.10898929834366,91,0.056117575615644455
779,38,296.1259547472,126,0.0767328217625618
780,39,337.62384539842606,130,0.08114192634820938
781,39,151.20243448019028,84,0.031128844246268272
782,39,118.69588321447372,69,0.013759231194853783
783,39,42.783578753471375,44,0.0
784,39,63.743332266807556,36,0.008838599547743797
785,39,111.85414445400238,69,0.010068757459521294
786,39,171.2426134645939,77,0.03243342414498329
787,39,57.20156127214432,39,0.012529073283076286
788,39,92.30883926153183,58,0.02614925242960453
789,39,48.20187604427338,35,0.006340367719531059
790,39,45.57467341423035,31,0.010068757459521294
791,39,557.7083150744438,136,0.08688786625862122
792,39,180.7095356360078,115,0.03895632177591324
793,39,103.21311736106873,62,0.019924761727452278
794,39,271.7934147119522,88,0.03765174373984337
795,39,542.8437820822,86,0.03504258394241333
796,39,377.08244305849075,188,0.08259058743715286
797,39,58.5889208316803,45,0.007608441635966301
798,39,295.3709184527397,101,0.03895632177591324
799,39,62.74623990058899,54,0.01129891537129879
800,39,294.99185770750046,112,0.08259058743715286
801,39,257.4074005484581,93,0.07535088062286377
802,39,143.21670699119568,76,0.02739414945244789
803,39,203.2976038455963,90,0.061458174139261246
804,39,110.56135469675064,56,0.018679862841963768
805,39,62.22912734746933,45,0.012529073283076286
806,40,363.2537721693516,99,0.051818106323480606
807,40,205.91782420873642,96,0.04156548157334328
808,40,202.2655050754547,79,0.05755073204636574
809,40,172.7131152153015,109,0.04156548157334328
810,40,294.4345086812973,89,0.02739414945244789
811,40,151.42907547950745,74,0.04414835199713707
812,40,568.479170307517,103,0.05755073204636574
813,40,69.4893987774849,48,0.014989389106631279
814,40,64.26991510391235,44,0.014989389106631279
815,40,188.49783524870872,91,0.04798322916030884
816,40,197.77685236930847,84,0.03765174373984337
817,40,394.3063987493515,133,0.08114192634820938
818,40,214.4126004576683,86,0.05325126275420189
819,40,59.65749004483223,51,0.008838599547743797
820,40,76.68077874183655,34,0.010068757459521294
821,40,84.81278371810913,44,0.01744970493018627
822,40,74.16444861888885,40,0.010068757459521294
823,40,285.0913786292076,91,0.06633123010396957
824,40,202.84922605752945,82,0.051818106323480606
825,40,200.3757838010788,76,0.05053981393575668
826,40,78.42070591449738,62,0.010068757459521294
827,40,63.7265008687973,64,0.0
828,40,186.07893860340118,91,0.03504258394241333
829,40,345.7701884508133,126,0.08400815725326538
830,40,48.39315605163574,37,0.010068757459521294
831,40,348.57801097631454,125,0.08259058743715286
832,40,397.0305833220482,51,0.014989389106631279
833,41,545.185239970684,103,0.08114192634820938
834,41,145.54419448971748,81,0.04542664438486099
835,41,112.8420061469078,71,0.03895632177591324
836,41,178.60517221689224,98,0.04414835199713707
837,41,420.2974766790867,116,0.07535088062286377
838,41,333.8277667760849,70,0.04026089981198311
839,41,135.8636430501938,80,0.03504258394241333
840,41,348.2265988215804,70,0.01744970493018627
841,41,46.4040766954422,37,0.008838599547743797
842,41,175.3353869318962,80,0.0363471619784832
843,41,113.94560426473618,74,0.03373800218105316
844,41,362.9919763803482,96,0.07535088062286377
845,41,97.58856445550919,68,0.01129891537129879
846,41,443.53031957149506,158,0.08114192634820938
847,41,92.81305754184723,56,0.02241455763578415
848,41,95.27793610095978,29,0.010068757459521294
849,41,83.65557593107224,53,0.01129891537129879
850,41,212.97445303201675,87,0.056117575615644455
851,41,302.9383708536625,129,0.08688786625862122
852,41,218.74873232841492,93,0.04926152154803276
853,41,268.3608848452568,125,0.058853212743997574
854,41,421.7176505923271,112,0.06856442242860794
855,41,305.20046788454056,125,0.08114192634820938
856,42,239.4447758346796,91,0.04926152154803276
857,42,50.825652062892914,51,0.0
858,42,105.32162046432495,47,0.02739414945244789
859,42,344.25574576854706,124,0.07254086434841156
860,42,444.1808382868767,113,0.09313339740037918
861,42,337.71724048256874,129,0.08840491622686386
862,42,1065.959709405899,100,0.08400815725326538
863,42,847.1924332380295,91,0.056117575615644455
864,42,140.07317543029785,75,0.02116965875029564
865,42,178.70614659786224,90,0.04414835199713707
866,42,332.9727661013603,138,0.08114192634820938
867,42,313.6680898666382,128,0.06281602382659912
868,42,323.59224089980125,129,0.07535088062286377
869,42,120.92298948764801,63,0.031128844246268272
870,42,57.49678701162338,33,0.007608441635966301
871,42,64.60540997982025,65,0.0
872,42,211.8676302731037,87,0.051818106323480606
873,42,264.28351041674614,95,0.04026089981198311
874,42,144.87901544570923,93,0.03504258394241333
875,42,1093.8462859988213,103,0.06633123010396957
876,42,277.81004697084427,96,0.05755073204636574
877,42,82.09805172681808,48,0.014989389106631279
878,42,70.06576782464981,39,0.01744970493018627
879,43,304.23062312602997,142,0.08114192634820938
880,43,92.14589300751686,36,0.013759231194853783
881,43,128.26512847840786,71,0.03373800218105316
882,43,128.2450036406517,65,0.02988394722342491
883,43,361.0471553206444,106,0.08400815725326538
884,43,200.01597747206688,87,0.04926152154803276
885,43,198.7184717655182,92,0.03243342414498329
886,43,361.5701756477356,110,0.07820200175046921
887,43,104.96383166313171,63,0.02365945652127266
888,43,320.57292968034744,98,0.07535088062286377
889,43,386.7921938300133,131,0.08114192634820938
890,43,161.66411143541336,69,0.03243342414498329
891,43,79.07175123691559,42,0.018679862841963768
892,43,139.5462042093277,69,0.03895632177591324
893,43,95.38295638561249,53,0.02614925242960453
894,43,610.7215653657913,129,0.08114192634820938
895,43,341.3521410226822,95,0.05325126275420189
896,43,138.460214138031,56,0.018679862841963768
897,43,183.7134734392166,74,0.05325126275420189
898,43,613.299097597599,191,0.08259058743715286
899,43,149.25779634714127,82,0.03895632177591324
900,43,2581.886960506439,95,0.06633123010396957
901,43,135.31126421689987,73,0.03504258394241333
902,43,69.15462517738342,39,0.012529073283076286
903,43,83.6056438088417,53,0.019924761727452278
904,44,566.8400958180428,82,0.02988394722342491
905,44,431.65745067596436,120,0.07820200175046921
906,44,454.3699602484703,119,0.08114192634820938
907,44,224.08260852098465,86,0.056117575615644455
908,44,90.47728031873703,44,0.02614925242960453
909,44,367.89556860923767,96,0.061458174139261246
910,44,126.07645404338837,85,0.03373800218105316
911,44,254.05805045366287,114,0.07967501878738403
912,44,264.72174340486526,78,0.04542664438486099
913,44,397.3649131953716,106,0.06633123010396957
914,44,118.53410333395004,70,0.03243342414498329
915,44,149.52309036254883,86,0.04156548157334328
916,44,419.28649550676346,119,0.07967501878738403
917,44,198.18319064378738,89,0.046704936772584915
918,44,157.2539955675602,70,0.03504258394241333
919,44,202.96023106575012,60,0.02988394722342491
920,44,77.32402658462524,58,0.019924761727452278
921,44,441.8931556940079,129,0.08114192634820938
922,44,241.7247013449669,85,0.056117575615644455
923,44,198.5691419839859,95,0.061458174139261246
924,44,219.48240369558334,80,0.04542664438486099
925,44,72.79511791467667,36,0.01129891537129879
926,44,562.1579730510712,125,0.08542312681674957
927,45,53.113440096378326,36,0.010068757459521294
928,45,133.65946304798126,51,0.0286390483379364
929,45,363.20373022556305,111,0.0767328217625618
930,45,37.103914976119995,28,0.006340367719531059
931,45,175.95033794641495,76,0.046704936772584915
932,45,342.37273651361465,109,0.08400815725326538
933,45,1098.6836315393448,119,0.07820200175046921
934,45,196.5476774573326,127,0.04542664438486099
935,45,1201.3852608203888,66,0.03895632177591324
936,45,311.54606539011,137,0.07535088062286377
937,45,282.18863260746,126,0.08542312681674957
938,45,286.1051302552223,89,0.046704936772584915
939,45,283.2308432459831,82,0.04287005960941315
940,45,48.246625542640686,39,0.007608441635966301
941,45,55.903226137161255,39,0.012529073283076286
942,45,219.94010522961617,59,0.03765174373984337
943,45,179.5121174454689,86,0.04156548157334328
944,45,534.1013167500496,115,0.07967501878738403
945,45,64.65830594301224,34,0.01129891537129879
946,45,77.34536010026932,41,0.010068757459521294
947,45,184.9330100119114,76,0.03895632177591324
948,45,258.27652513980865,112,0.08400815725326538
949,45,328.6990290284157,132,0.08259058743715286
950,45,162.02130788564682,75,0.04287005960941315
951,45,126.48552560806274,69,0.02365945652127266
952,46,178.91288769245148,79,0.04287005960941315
953,46,106.88186049461365,52,0.01129891537129879
954,46,65.516730427742,35,0.008838599547743797
955,46,267.9430091381073,110,0.07967501878738403
956,46,113.71561908721924,69,0.02739414945244789
957,46,126.4867012500763,81,0.03765174373984337
958,46,155.8043672144413,83,0.04287005960941315
959,46,182.2102388739586,74,0.05755073204636574
960,46,229.80645895004272,74,0.03895632177591324
961,46,379.7034773901105,128,0.06281602382659912
962,46,449.8586910367012,123,0.08114192634820938
963,46,137.22404688596725,74,0.02116965875029564
964,46,138.11519062519073,69,0.03504258394241333
965,46,1438.2391576766968,120,0.08400815725326538
966,46,164.4032664783299,72,0.03373800218105316
967,46,285.5560548901558,116,0.06281602382659912
968,46,413.41318279504776,110,0.04026089981198311
969,46,117.3546692430973,73,0.0363471619784832
970,46,67.0083276629448,46,0.014989389106631279
971,46,173.04601708054543,92,0.05325126275420189
972,46,53.5416596531868,41,0.012529073283076286
973,46,208.7475527524948,96,0.04926152154803276
974,46,255.7733175754547,124,0.07967501878738403
975,46,136.4027916789055,81,0.05053981393575668
976,47,247.47662568092346,66,0.04156548157334328
977,47,241.7469449043274,61,0.031128844246268272
978,47,360.4779611825943,99,0.07535088062286377
979,47,605.8264806270599,83,0.05053981393575668
980,47,225.04982334375381,113,0.06015569344162941
981,47,67.95714145898819,69,0.0
982,47,130.83002969622612,68,0.03243342414498329
983,47,416.95936727523804,108,0.08259058743715286
984,47,833.346900343895,112,0.08259058743715286
985,47,109.19789326190948,92,0.010068757459521294
986,47,244.5666396021843,113,0.07535088062286377
987,47,187.53273952007294,96,0.03765174373984337
988,47,292.15788716077805,127,0.08542312681674957
989,47,320.8137694001198,152,0.08259058743715286
990,47,35.36548155546188,35,0.0
991,47,149.37481033802032,116,0.013759231194853783
992,47,321.8658549785614,102,0.05325126275420189
993,47,687.7144442796707,120,0.06856442242860794
994,47,311.18034785985947,126,0.07820200175046921
995,47,252.1315216422081,90,0.04542664438486099
996,47,210.54184633493423,68,0.03765174373984337
997,48,244.5357288122177,112,0.0767328217625618
998,48,118.09252285957336,60,0.02614925242960453
999,48,181.866624802351,71,0.03243342414498329
1000,48,160.0140604376793,68,0.02739414945244789
1001,48,71.12840986251831,47,0.012529073283076286
1002,48,254.11686715483665,121,0.06633123010396957
1003,48,149.20064839720726,63,0.03765174373984337
1004,48,429.9995551109314,126,0.07967501878738403
1005,48,149.0994337797165,119,0.018679862841963768
1006,48,272.0127795636654,93,0.06281602382659912
1007,48,272.2328133583069,81,0.0363471619784832
1008,48,53.40255457162857,36,0.010068757459521294
1009,48,199.27514678239822,90,0.056117575615644455
1010,48,264.6474810242653,141,0.08400815725326538
1011,48,177.15585905313492,83,0.03895632177591324
1012,48,212.74974954128265,107,0.04156548157334328
1013,48,424.6402710676193,99,0.08114192634820938
1014,48,267.1758155822754,122,0.08114192634820938
1015,48,84.78345799446106,85,0.0
1016,48,180.0032531619072,83,0.05468441918492317
1017,48,213.51577857136726,58,0.02365945652127266
1018,48,273.4294908642769,133,0.0767328217625618
1019,48,68.872443318367,70,0.0
1020,49,625.1138007640839,110,0.07820200175046921
1021,49,857.5478520393372,154,0.07967501878738403
1022,49,369.0013881921768,119,0.06856442242860794
1023,49,63.21771681308746,39,0.008838599547743797
1024,49,280.3739886879921,122,0.04414835199713707
1025,49,141.01772159337997,48,0.008838599547743797
1026,49,187.0618216395378,69,0.02365945652127266
1027,49,128.0402203798294,38,0.008838599547743797
1028,49,199.28274309635162,83,0.04287005960941315
1029,49,54.3432894051075,43,0.012529073283076286
1030,49,166.023994743824,79,0.04287005960941315
1031,49,75.9498022198677,47,0.014989389106631279
1032,49,31.540738701820374,32,0.0
1033,49,357.348637342453,115,0.07820200175046921
1034,49,489.000155210495,128,0.07820200175046921
1035,49,188.6358546614647,90,0.04798322916030884
1036,49,423.1075237393379,151,0.08995965868234634
1037,49,998.1003383398056,97,0.03504258394241333
1038,49,58.77105385065079,38,0.010068757459521294
1039,49,296.7623267918825,166,0.07820200175046921
1040,49,282.86721777915955,96,0.05053981393575668
1041,49,306.3167248368263,100,0.058853212743997574
1042,49,154.27782303094864,60,0.013759231194853783
1043,49,53.76685452461243,55,0.0
1044,50,156.6492749452591,60,0.03243342414498329
1045,50,344.1707426905632,127,0.05755073204636574
1046,50,255.67442932724953,99,0.06281602382659912
1047,50,445.1939883828163,123,0.08259058743715286
1048,50,136.94105112552643,64,0.02739414945244789
1049,50,183.53418117761612,91,0.05325126275420189
1050,50,388.55483543872833,116,0.08400815725326538
1051,50,244.73797798156738,94,0.07535088062286377
1052,50,72.49998342990875,47,0.013759231194853783
1053,50,79.12443917989731,45,0.016219547018408775
1054,50,226.58274066448212,92,0.046704936772584915
1055,50,120.58933079242706,79,0.02739414945244789
1056,50,156.63691860437393,82,0.05468441918492317
1057,50,261.518532961607,99,0.06633123010396957
1058,50,179.5838914513588,77,0.03504258394241333
1059,50,471.19761019945145,76,0.0363471619784832
1060,50,142.49624395370483,46,0.010068757459521294
1061,50,182.7981480062008,76,0.04542664438486099
1062,50,238.5914670228958,125,0.0767328217625618
1063,50,442.6644297838211,124,0.08259058743715286
1064,50,128.8847867846489,68,0.013759231194853783
1065,50,92.04979878664017,58,0.01744970493018627
1066,50,264.89166247844696,117,0.07535088062286377
1067,51,367.76913702487946,107,0.07401246577501297
1068,51,191.95972496271133,98,0.061458174139261246
1069,51,656.5503002405167,136,0.08542312681674957
1070,51,480.04040855169296,86,0.04926152154803276
1071,51,280.42627489566803,117,0.08542312681674957
1072,51,289.1836455464363,107,0.0767328217625618
1073,51,265.0734715759754,69,0.02614925242960453
1074,51,76.7899940609932,52,0.010068757459521294
1075,51,109.02171157300472,59,0.02739414945244789
1076,51,153.69052648544312,78,0.03504258394241333
1077,51,168.2178417444229,54,0.01744970493018627
1078,51,63.379764676094055,37,0.014989389106631279
1079,51,84.2407049536705,50,0.01744970493018627
1080,51,214.56735837459564,92,0.05755073204636574
1081,51,228.20872524380684,82,0.04026089981198311
1082,51,107.33609247207642,63,0.02365945652127266
1083,51,237.3333609700203,177,0.02241455763578415
1084,51,257.9275284409523,101,0.05325126275420189
1085,51,696.7081337571144,136,0.08114192634820938
1086,51,279.1113736629486,95,0.04156548157334328
1087,51,140.0240654349327,90,0.02988394722342491
1088,51,82.25492835044861,44,0.012529073283076286
1089,51,60.97786158323288,37,0.014989389106631279
1090,51,159.22786283493042,74,0.03243342414498329
1091,51,154.0231864452362,59,0.012529073283076286
1092,52,196.9770125746727,99,0.046704936772584915
1093,52,135.69665640592575,78,0.03373800218105316
1094,52,193.22691023349762,84,0.051818106323480606
1095,52,34.047926127910614,35,0.0
1096,52,147.3692286014557,66,0.0363471619784832
1097,52,557.8680453896523,123,0.08542312681674957
1098,52,110.71851617097855,71,0.03373800218105316
1099,52,215.3798388838768,92,0.05468441918492317
1100,52,116.19630169868469,63,0.02988394722342491
1101,52,175.1144536137581,103,0.031128844246268272
1102,52,160.47343254089355,78,0.04798322916030884
1103,52,148.04899269342422,79,0.03373800218105316
1104,52,174.43374556303024,107,0.04798322916030884
1105,52,44.589595437049866,46,0.0
1106,52,152.272803068161,69,0.031128844246268272
1107,52,134.22223907709122,82,0.019924761727452278
1108,52,171.30724960565567,79,0.03504258394241333
1109,52,204.80833613872528,82,0.05325126275420189
1110,52,311.55394172668457,88,0.05053981393575668
1111,52,286.8085922598839,137,0.08688786625862122
1112,52,275.8043594658375,113,0.0641738772392273
1113,52,129.05166721343994,75,0.0363471619784832
1114,52,152.36056506633759,75,0.02988394722342491
1115,52,262.71631371974945,111,0.0707751214504242
1116,53,307.02989768981934,91,0.07967501878738403
1117,53,338.19943806529045,137,0.0767328217625618
1118,53,396.4688369035721,151,0.07820200175046921
1119,53,244.48459523916245,68,0.016219547018408775
1120,53,246.72885102033615,113,0.06281602382659912
1121,53,360.93975165486336,110,0.05053981393575668
1122,53,187.94109386205673,90,0.04798322916030884
1123,53,276.6026041507721,98,0.08400815725326538
1124,53,123.2665382027626,68,0.031128844246268272
1125,53,121.65740367770195,71,0.02365945652127266
1126,53,280.1935062408447,121,0.08259058743715286
1127,53,332.3235278725624,202,0.06856442242860794
1128,53,560.2405269742012,133,0.08114192634820938
1129,53,59.36456710100174,51,0.010068757459521294
1130,53,177.74797569215298,97,0.05325126275420189
1131,53,309.73429226875305,98,0.03504258394241333
1132,53,303.53543615341187,120,0.06015569344162941
1133,53,225.40800935029984,70,0.018679862841963768
1134,53,201.05044955015182,88,0.05755073204636574
1135,53,118.98340585827827,52,0.014989389106631279
1136,53,226.00140398740768,62,0.03373800218105316
1137,54,388.8452674150467,151,0.08114192634820938
1138,54,151.3911643922329,128,0.01744970493018627
1139,54,141.0583923459053,83,0.019924761727452278
1140,54,337.9637185931206,116,0.07820200175046921
1141,54,321.65467342734337,138,0.08688786625862122
1142,54,758.1116129457951,117,0.07967501878738403
1143,54,276.2682150006294,104,0.06633123010396957
1144,54,125.74508881568909,70,0.03504258394241333
1145,54,449.82146656513214,139,0.08114192634820938
1146,54,221.9686786532402,101,0.02988394722342491
1147,54,153.93096640706062,82,0.03373800218105316
1148,54,111.62294209003448,70,0.016219547018408775
1149,54,86.08572959899902,86,0.0
1150,54,189.72047424316406,124,0.04156548157334328
1151,54,29.470064759254456,31,0.0
1152,54,334.37778693437576,142,0.08114192634820938
1153,54,260.08036309480667,138,0.07967501878738403
1154,54,241.04113093018532,107,0.05755073204636574
1155,54,114.43499052524567,60,0.02365945652127266
1156,54,168.04344210028648,79,0.04026089981198311
1157,55,537.2704282402992,112,0.07967501878738403
1158,55,218.22781789302826,76,0.04156548157334328
1159,55,600.9808349609375,124,0.07535088062286377
1160,55,295.64288929104805,144,0.0767328217625618
1161,55,156.88697880506516,50,0.014989389106631279
1162,55,356.6134753227234,113,0.08259058743715286
1163,55,295.27347803115845,112,0.08400815725326538
1164,55,134.61891943216324,93,0.018679862841963768
1165,55,188.62689810991287,92,0.05053981393575668
1166,55,440.68968546390533,266,0.07820200175046921
1167,55,104.5192434489727,60,0.02988394722342491
1168,55,88.5033347606659,37,0.014989389106631279
1169,55,206.01789155602455,80,0.0363471619784832
1170,55,120.92538365721703,70,0.02116965875029564
1171,55,208.889839053154,95,0.03895632177591324
1172,55,314.88102799654007,143,0.08259058743715286
1173,55,182.59344859421253,124,0.02365945652127266
1174,55,122.00029504299164,69,0.01744970493018627
1175,55,507.7667998075485,113,0.08114192634820938
1176,56,200.23801743984222,82,0.04798322916030884
1177,56,286.5733025074005,118,0.08542312681674957
1178,56,310.4501414299011,136,0.07967501878738403
1179,56,489.39949983358383,125,0.08114192634820938
1180,56,367.01712054014206,97,0.02739414945244789
1181,56,312.61094641685486,98,0.08259058743715286
1182,56,104.30802291631699,57,0.012529073283076286
1183,56,147.1438703984022,95,0.03373800218105316
1184,56,183.37541568279266,85,0.01744970493018627
1185,56,121.11672579497099,83,0.0286390483379364
1186,56,154.06050330400467,59,0.0363471619784832
1187,56,247.20608431100845,116,0.0707751214504242
1188,56,116.19182455539703,67,0.03765174373984337
1189,56,66.19545078277588,49,0.013759231194853783
1190,56,182.56427466869354,90,0.02241455763578415
1191,56,130.71157848834991,75,0.03243342414498329
1192,56,184.04668813943863,100,0.04542664438486099
1193,56,270.0346702337265,127,0.07254086434841156
1194,56,75.0929615944624,48,0.014989389106631279
1195,56,67.88801653683186,46,0.012529073283076286
1196,56,320.70012110471725,119,0.04156548157334328
1197,56,42.58200979232788,41,0.0
1198,56,1005.2891492843628,184,0.08542312681674957
1199,57,74.36057904362679,52,0.01129891537129879
1200,57,610.5334560871124,125,0.08542312681674957
1201,57,262.73739778995514,100,0.07820200175046921
1202,57,419.1642675995827,134,0.08542312681674957
1203,57,339.7697840332985,115,0.07535088062286377
1204,57,203.26454843580723,88,0.05053981393575668
1205,57,449.69247645139694,111,0.08114192634820938
1206,57,678.8576941490173,152,0.08114192634820938
1207,57,282.15113669633865,123,0.06633123010396957
1208,57,732.7317911684513,199,0.08688786625862122
1209,57,198.0639345049858,70,0.04414835199713707
1210,57,528.9525439143181,172,0.08114192634820938
1211,57,260.5694010257721,104,0.06633123010396957
1212,57,373.1122735142708,115,0.08400815725326538
1213,57,79.97142541408539,43,0.013759231194853783
1214,57,268.1448318660259,119,0.06856442242860794
1215,57,276.6002188026905,119,0.0641738772392273
1216,57,83.28378546237946,84,0.0
1217,57,39.43450105190277,40,0.0
1218,58,317.31469494104385,110,0.08259058743715286
1219,58,222.38345435261726,112,0.05053981393575668
1220,58,102.14199846982956,52,0.014989389106631279
1221,58,321.7077214717865,130,0.08542312681674957
1222,58,211.30100083351135,79,0.05325126275420189
1223,58,275.01648342609406,122,0.08114192634820938
1224,58,70.84275329113007,44,0.012529073283076286
1225,58,313.2384922206402,101,0.056117575615644455
1226,58,931.8354023844004,138,0.08840491622686386
1227,58,146.87669998407364,100,0.0363471619784832
1228,58,282.9981954693794,183,0.06633123010396957
1229,58,285.4670726656914,116,0.07967501878738403
1230,58,152.3984568119049,83,0.04026089981198311
1231,58,934.6584540605545,143,0.08400815725326538
1232,58,172.35839182138443,88,0.04287005960941315
1233,58,281.2724248766899,100,0.05325126275420189
1234,58,428.84550219774246,133,0.08400815725326538
1235,58,412.28156274557114,98,0.04926152154803276
1236,58,151.49844297766685,62,0.02988394722342491
1237,58,109.69722819328308,63,0.03373800218105316
1238,59,3981.6474834680557,111,0.07401246577501297
1239,59,457.48650577664375,132,0.08114192634820938
1240,59,100.25957530736923,51,0.02116965875029564
1241,59,81.98318791389465,48,0.014989389106631279
1242,59,110.65302938222885,59,0.019924761727452278
1243,59,136.8549411892891,64,0.012529073283076286
1244,59,302.44990438222885,147,0.06856442242860794
1245,59,462.69101244211197,131,0.08688786625862122
1246,59,119.5553628206253,54,0.0286390483379364
1247,59,380.1061866879463,77,0.046704936772584915
1248,59,472.6312952041626,124,0.07820200175046921
1249,59,183.2834340929985,123,0.019924761727452278
1250,59,349.37211415171623,138,0.04926152154803276
1251,59,253.795832157135,66,0.03504258394241333
1252,59,448.735083758831,150,0.08114192634820938
1253,59,890.0285156965256,162,0.09152805805206299
1254,59,148.72717720270157,100,0.02241455763578415
1255,59,249.45497369766235,96,0.07967501878738403
1256,59,359.2094645500183,113,0.08400815725326538
1257,60,322.614029943943,144,0.07535088062286377
1258,60,481.09707510471344,121,0.07967501878738403
1259,60,114.36122325062752,60,0.01744970493018627
1260,60,196.70613479614258,67,0.04156548157334328
1261,60,2262.1663377285004,113,0.08259058743715286
1262,60,330.7938983440399,96,0.04798322916030884
1263,60,139.3468627333641,69,0.016219547018408775
1264,60,220.98229157924652,92,0.05053981393575668
1265,60,164.30320221185684,115,0.019924761727452278
1266,60,335.06820249557495,142,0.08400815725326538
1267,60,318.7095373570919,160,0.08542312681674957
1268,60,376.851753950119,129,0.07820200175046921
1269,60,154.13668471574783,109,0.03373800218105316
1270,60,302.2405869960785,115,0.0767328217625618
1271,60,525.3489888012409,136,0.07967501878738403
1272,60,363.99664199352264,113,0.0767328217625618
1273,60,280.76729863882065,114,0.0767328217625618
1274,60,240.39842998981476,108,0.05468441918492317
1275,60,279.66462832689285,90,0.046704936772584915
1276,60,44.578337371349335,46,0.0
1277,61,451.97839319705963,141,0.07820200175046921
1278,61,387.4629144668579,144,0.08400815725326538
1279,61,234.62453263998032,93,0.04156548157334328
1280,61,302.3401703238487,163,0.07254086434841156
1281,61,118.39974554628134,62,0.03243342414498329
1282,61,465.4078699052334,154,0.0767328217625618
1283,61,46.24769753217697,32,0.010068757459521294
1284,61,380.5861777961254,115,0.0707751214504242
1285,61,339.0324074923992,128,0.06633123010396957
1286,61,315.52927154302597,95,0.07535088062286377
1287,61,72.21399068832397,44,0.01744970493018627
1288,61,361.5936406850815,99,0.08259058743715286
1289,61,409.11530435085297,130,0.07967501878738403
1290,61,288.2608255147934,121,0.08400815725326538
1291,61,186.84196603298187,91,0.06015569344162941
1292,61,64.62106305360794,65,0.0
1293,61,318.5721974372864,154,0.08114192634820938
1294,61,275.1699449419975,125,0.07535088062286377
1295,61,188.5729975104332,94,0.06633123010396957
1296,62,345.26118272542953,103,0.058853212743997574
1297,62,332.5084716081619,132,0.07254086434841156
1298,62,220.38674265146255,105,0.056117575615644455
1299,62,202.89907178282738,85,0.046704936772584915
1300,62,78.86108320951462,46,0.014989389106631279
1301,62,568.9556809663773,110,0.05468441918492317
1302,62,483.7579183578491,138,0.08259058743715286
1303,62,192.16051465272903,109,0.03373800218105316
1304,62,866.4641973078251,80,0.04287005960941315
1305,62,1331.2933202981949,129,0.08259058743715286
1306,62,126.62322634458542,60,0.013759231194853783
1307,62,410.44035866856575,174,0.08840491622686386
1308,62,301.69798731803894,132,0.0707751214504242
1309,62,70.48607313632965,72,0.0
1310,62,197.11062049865723,75,0.03504258394241333
1311,62,433.57003873586655,166,0.08114192634820938
1312,62,300.63526582717896,95,0.06633123010396957
1313,62,326.7833568453789,116,0.08688786625862122
1314,62,136.87664622068405,68,0.03504258394241333
1315,63,367.110028386116,138,0.08542312681674957
1316,63,101.70486408472061,61,0.02116965875029564
1317,63,151.961000084877,65,0.03373800218105316
1318,63,4042.3749593496323,131,0.08259058743715286
1319,63,102.88342452049255,53,0.014989389106631279
1320,63,391.9105597138405,145,0.07401246577501297
1321,63,216.32192254066467,86,0.04414835199713707
1322,63,425.6523740887642,115,0.08114192634820938
1323,63,181.4732350707054,69,0.02988394722342491
1324,63,456.4500257372856,118,0.0707751214504242
1325,63,214.79763877391815,93,0.06015569344162941
1326,63,352.94381934404373,80,0.04798322916030884
1327,63,373.80049827694893,98,0.061458174139261246
1328,63,393.40822327136993,110,0.08400815725326538
1329,63,243.60761380195618,98,0.07967501878738403
1330,63,75.95771306753159,46,0.02116965875029564
1331,63,310.8157943189144,121,0.08542312681674957
1332,63,340.0074664950371,115,0.07535088062286377
1333,63,269.8490000963211,121,0.08400815725326538
1334,63,82.03320115804672,84,0.0
1335,63,539.7824292778969,122,0.0707751214504242
1336,64,297.57849246263504,107,0.07401246577501297
1337,64,86.06221628189087,47,0.019924761727452278
1338,64,596.7761308550835,116,0.07967501878738403
1339,64,85.44428265094757,48,0.01744970493018627
1340,64,242.70016038417816,80,0.04926152154803276
1341,64,195.93302941322327,56,0.016219547018408775
1342,64,815.5981232523918,133,0.06633123010396957
1343,64,148.59495773911476,77,0.0286390483379364
1344,64,369.0676775574684,120,0.07535088062286377
1345,64,292.91774719953537,100,0.07967501878738403
1346,64,1217.2180522084236,121,0.07820200175046921
1347,64,171.59680885076523,82,0.05468441918492317
1348,64,638.2627960443497,66,0.0363471619784832
1349,64,535.074239552021,162,0.08688786625862122
1350,64,250.04603081941605,123,0.061458174139261246
1351,64,95.70422166585922,39,0.013759231194853783
1352,64,70.59607696533203,33,0.012529073283076286
1353,64,317.3372005224228,111,0.0767328217625618
1354,64,302.7417494058609,122,0.07535088062286377
1355,64,337.14049142599106,133,0.07967501878738403
1356,64,1181.5912782549858,88,0.04542664438486099
1357,64,451.37393271923065,102,0.07820200175046921
1358,65,1665.6224627494812,144,0.08400815725326538
1359,65,202.6915863752365,97,0.04926152154803276
1360,65,271.1893720626831,98,0.0767328217625618
1361,65,309.174453496933,89,0.04026089981198311
1362,65,197.0367192775011,92,0.05053981393575668
1363,65,704.0380044579506,69,0.02988394722342491
1364,65,150.6018842458725,86,0.03765174373984337
1365,65,496.01531660556793,52,0.01744970493018627
1366,65,476.1009867787361,109,0.046704936772584915
1367,65,312.4332064986229,153,0.06633123010396957
1368,65,288.13961112499237,114,0.07820200175046921
1369,65,306.8901855945587,100,0.06281602382659912
1370,65,302.7333579659462,147,0.07820200175046921
1371,65,278.43753638863564,95,0.05468441918492317
1372,65,90.34771414101124,60,0.02739414945244789
1373,65,370.48403480648994,94,0.0363471619784832
1374,65,197.26623916625977,100,0.056117575615644455
1375,65,215.18759775161743,58,0.03765174373984337
1376,65,221.36413717269897,83,0.06015569344162941
1377,65,321.73023188114166,153,0.08400815725326538
1378,66,246.48030751943588,94,0.056117575615644455
1379,66,105.13051375746727,66,0.013759231194853783
1380,66,64.79115208983421,48,0.016219547018408775
1381,66,327.4075758457184,119,0.08400815725326538
1382,66,410.56352227926254,132,0.07401246577501297
1383,66,207.36699759960175,86,0.046704936772584915
1384,66,256.5357955098152,134,0.0707751214504242
1385,66,317.239289522171,119,0.08259058743715286
1386,66,387.700525701046,69,0.03895632177591324
1387,66,324.72658383846283,120,0.08259058743715286
1388,66,117.28739240765572,75,0.0363471619784832
1389,66,286.96347174048424,137,0.08542312681674957
1390,66,243.58536142110825,82,0.051818106323480606
1391,66,564.0877939462662,128,0.07967501878738403
1392,66,935.1068962216377,134,0.08114192634820938
1393,66,598.9169523119926,117,0.061458174139261246
1394,66,292.3689599633217,143,0.08400815725326538
1395,66,90.36431765556335,52,0.02739414945244789
1396,66,156.22322177886963,69,0.04287005960941315
1397,66,359.1634768843651,121,0.07535088062286377
1398,67,534.3444991707802,135,0.08114192634820938
1399,67,346.3807374238968,129,0.08400815725326538
1400,67,465.4669269323349,161,0.08400815725326538
1401,67,119.44329035282135,68,0.031128844246268272
1402,67,126.26371313631535,61,0.02116965875029564
1403,67,180.62997549772263,103,0.04156548157334328
1404,67,166.12801760435104,77,0.03895632177591324
1405,67,434.3572776913643,118,0.07820200175046921
1406,67,183.48419481515884,80,0.04414835199713707
1407,67,246.1422157883644,118,0.07254086434841156
1408,67,122.51250046491623,61,0.03373800218105316
1409,67,141.19686442613602,69,0.03373800218105316
1410,67,282.35793828964233,106,0.05325126275420189
1411,67,501.39844793081284,82,0.04926152154803276
1412,67,1410.3730455040932,81,0.04542664438486099
1413,67,63.573778450489044,64,0.0
1414,67,177.08681738376617,67,0.02988394722342491
1415,67,158.2143771648407,86,0.03895632177591324
1416,67,2239.8136524558067,115,0.0707751214504242
1417,67,267.61097583174706,109,0.06856442242860794
1418,67,272.94441306591034,111,0.08114192634820938
1419,67,306.67357820272446,128,0.08400815725326538
1420,68,390.03515446186066,128,0.08688786625862122
1421,68,251.04246217012405,118,0.08542312681674957
1422,68,357.4848968088627,147,0.07820200175046921
1423,68,487.2120169401169,100,0.08400815725326538
1424,68,2214.2212299108505,98,0.08400815725326538
1425,68,396.36623245477676,160,0.08259058743715286
1426,68,335.17051154375076,101,0.08114192634820938
1427,68,193.16988468170166,89,0.06015569344162941
1428,68,400.85081481933594,109,0.07535088062286377
1429,68,82.89665311574936,43,0.019924761727452278
1430,68,404.5845415890217,97,0.06856442242860794
1431,68,286.06803488731384,107,0.08114192634820938
1432,68,293.4601092338562,128,0.07535088062286377
1433,68,215.6338346004486,68,0.04542664438486099
1434,68,119.6455512046814,74,0.031128844246268272
1435,68,265.1781058907509,111,0.08400815725326538
1436,68,280.6490364074707,122,0.08114192634820938
1437,68,151.13748466968536,78,0.03895632177591324
1438,68,254.84437370300293,74,0.03373800218105316
1439,69,378.02854013442993,159,0.07967501878738403
1440,69,191.9154310822487,50,0.02739414945244789
1441,69,342.1292201280594,106,0.08259058743715286
1442,69,276.8535679578781,103,0.08114192634820938
1443,69,201.15578991174698,90,0.051818106323480606
1444,69,198.3854374885559,77,0.04798322916030884
1445,69,183.74629759788513,99,0.06856442242860794
1446,69,149.95555138587952,67,0.03243342414498329
1447,69,197.85462272167206,89,0.05325126275420189
1448,69,144.62977248430252,69,0.04287005960941315
1449,69,418.1539575457573,120,0.08259058743715286
1450,69,289.96090602874756,84,0.05755073204636574
1451,69,265.4696147739887,101,0.0767328217625618
1452,69,158.81176912784576,58,0.03373800218105316
1453,69,1126.7893726825714,116,0.0767328217625618
1454,69,210.0252121090889,77,0.058853212743997574
1455,69,133.35884103178978,76,0.03373800218105316
1456,69,493.6809012889862,101,0.0767328217625618
1457,69,151.35436379909515,60,0.03765174373984337
1458,69,266.8392975926399,88,0.06015569344162941
1459,69,259.21065574884415,98,0.08259058743715286
1460,69,334.7242991924286,107,0.07820200175046921
1461,69,516.6128274798393,124,0.07535088062286377
1462,70,305.1846649646759,140,0.08259058743715286
1463,70,289.7733638882637,84,0.03243342414498329
1464,70,182.9027162194252,33,0.012529073283076286
1465,70,201.75630742311478,73,0.04026089981198311
1466,70,151.4725774526596,63,0.02365945652127266
1467,70,383.73089349269867,106,0.08114192634820938
1468,70,75.27298283576965,41,0.01129891537129879
1469,70,280.81053948402405,87,0.061458174139261246
1470,70,393.7464576661587,131,0.08400815725326538
1471,70,54.277542531490326,37,0.007608441635966301
1472,70,343.92174342274666,145,0.08688786625862122
1473,70,295.8774993419647,118,0.08114192634820938
1474,70,284.4007006287575,130,0.08542312681674957
1475,70,107.17525434494019,49,0.02739414945244789
1476,70,650.146737575531,104,0.08114192634820938
1477,70,965.2977147698402,124,0.08259058743715286
1478,70,221.53077614307404,104,0.06015569344162941
1479,70,270.8451301455498,117,0.04156548157334328
1480,70,100.90159916877747,62,0.01129891537129879
1481,70,231.48529291152954,98,0.07967501878738403
1482,70,310.2160738706589,111,0.08400815725326538
1483,70,567.3274159431458,106,0.0767328217625618
1484,71,134.20348519086838,42,0.01744970493018627
1485,71,335.77814787626266,155,0.08400815725326538
1486,71,264.2420572042465,114,0.04542664438486099
1487,71,152.19975048303604,77,0.04414835199713707
1488,71,537.2035949230194,95,0.08259058743715286
1489,71,266.73482048511505,80,0.04798322916030884
1490,71,59.22531037032604,36,0.01129891537129879
1491,71,382.3664513230324,125,0.08688786625862122
1492,71,340.620514690876,117,0.07967501878738403
1493,71,83.46900629997253,43,0.018679862841963768
1494,71,160.91854211688042,65,0.03373800218105316
1495,71,451.53207391500473,143,0.08840491622686386
1496,71,346.42812263965607,135,0.0767328217625618
1497,71,177.0162187218666,98,0.04542664438486099
1498,71,168.36148369312286,60,0.03895632177591324
1499,71,215.59148716926575,110,0.04414835199713707
1500,71,378.8395302295685,116,0.08259058743715286
1501,71,208.4406040906906,103,0.06856442242860794
1502,71,129.9747908115387,65,0.0363471619784832
1503,71,250.1638926267624,99,0.08259058743715286
1504,71,334.09136098623276,126,0.07820200175046921
1505,72,180.15841761231422,80,0.04287005960941315
1506,72,270.8679519891739,90,0.08400815725326538
1507,72,228.13333648443222,87,0.05468441918492317
1508,72,185.86692810058594,95,0.04798322916030884
1509,72,527.32796895504,121,0.08400815725326538
1510,72,290.01255065202713,131,0.05755073204636574
1511,72,369.5940214395523,133,0.08259058743715286
1512,72,170.7317554950714,102,0.02739414945244789
1513,72,328.2723739147186,153,0.08995965868234634
1514,72,306.59075540304184,91,0.06856442242860794
1515,72,50.59678000211716,52,0.0
1516,72,382.97391778230667,123,0.05325126275420189
1517,72,212.58366215229034,86,0.05325126275420189
1518,72,334.8860220313072,111,0.0641738772392273
1519,72,111.420001745224,65,0.02988394722342491
1520,72,183.57939875125885,102,0.03895632177591324
1521,72,383.3444938659668,135,0.08259058743715286
1522,72,208.60122859477997,70,0.04414835199713707
1523,72,586.2906369268894,98,0.06856442242860794
1524,72,361.2497501373291,146,0.06856442242860794
1525,73,340.99654614925385,147,0.0767328217625618
1526,73,232.9147664308548,95,0.05755073204636574
1527,73,120.6647938489914,64,0.02116965875029564
1528,73,113.24901211261749,61,0.02365945652127266
1529,73,162.56594252586365,83,0.04026089981198311
1530,73,263.30198073387146,133,0.08259058743715286
1531,73,100.45519459247589,61,0.018679862841963768
1532,73,214.96277111768723,100,0.061458174139261246
1533,73,648.5381773710251,125,0.08259058743715286
1534,73,194.38472267985344,94,0.03895632177591324
1535,73,341.9369630217552,134,0.07967501878738403
1536,73,568.5332530736923,124,0.08114192634820938
1537,73,106.23656094074249,52,0.016219547018408775
1538,73,556.5406057238579,115,0.04287005960941315
1539,73,329.5720854103565,126,0.08400815725326538
1540,73,286.14121848344803,124,0.07535088062286377
1541,73,117.00408816337585,57,0.0363471619784832
1542,73,219.28553315997124,128,0.0363471619784832
1543,73,338.5224531888962,106,0.05468441918492317
1544,73,254.51913022994995,116,0.08114192634820938
1545,74,425.2936932146549,122,0.0767328217625618
1546,74,344.884667545557,124,0.06281602382659912
1547,74,422.2428481578827,206,0.10937900096178055
1548,74,333.66450199484825,130,0.07967501878738403
1549,74,327.3995603621006,140,0.0707751214504242
1550,74,198.45802614092827,83,0.04287005960941315
1551,74,393.1932775527239,142,0.08688786625862122
1552,74,59.641045928001404,61,0.0
1553,74,341.77523574233055,170,0.08995965868234634
1554,74,197.5648242533207,106,0.056117575615644455
1555,74,436.92374831438065,138,0.0767328217625618
1556,74,528.0538784861565,121,0.06856442242860794
1557,74,1853.4893299937248,164,0.07401246577501297
1558,74,390.4721218943596,123,0.0767328217625618
1559,74,389.3269800245762,146,0.08688786625862122
1560,74,50.77256381511688,52,0.0
1561,75,2966.6122809648514,146,0.06856442242860794
1562,75,227.3367117345333,95,0.04156548157334328
1563,75,1210.7852040231228,111,0.04798322916030884
1564,75,767.2492582201958,130,0.08400815725326538
1565,75,681.9489921629429,157,0.07401246577501297
1566,75,38.8766804933548,40,0.0
1567,75,349.2828041911125,160,0.08995965868234634
1568,75,102.915915325284,70,0.02365945652127266
1569,75,193.0674713253975,117,0.03895632177591324
1570,75,174.72019296884537,98,0.04156548157334328
1571,75,132.74919825792313,73,0.02739414945244789
1572,75,52.09848231077194,53,0.0
1573,75,185.61649405956268,97,0.04156548157334328
1574,75,452.36024475097656,112,0.061458174139261246
1575,75,229.1328095793724,107,0.046704936772584915
1576,75,254.75084494054317,101,0.051818106323480606
1577,75,140.03020706772804,94,0.04026089981198311
1578,75,200.32865023612976,102,0.05053981393575668
1579,75,121.8952757269144,87,0.02988394722342491
1580,75,383.28333938121796,144,0.08114192634820938
1581,76,492.29132245481014,198,0.08688786625862122
1582,76,275.0759251713753,129,0.0767328217625618
1583,76,347.0996047258377,100,0.05755073204636574
1584,76,221.57594007253647,96,0.051818106323480606
1585,76,227.6630095243454,111,0.06281602382659912
1586,76,43.301239371299744,44,0.0
1587,76,436.2671348899603,192,0.0948045402765274
1588,76,647.4796338379383,164,0.08688786625862122
1589,76,262.85633620619774,69,0.03504258394241333
1590,76,158.83410695195198,93,0.03504258394241333
1591,76,244.93184879422188,182,0.02739414945244789
1592,76,205.77305454015732,78,0.04798322916030884
1593,76,457.9111305177212,152,0.04926152154803276
1594,76,259.2871458530426,117,0.06633123010396957
1595,76,322.26585870981216,146,0.07820200175046921
1596,76,459.53615057468414,169,0.08259058743715286
1597,77,283.2382146716118,134,0.0707751214504242
1598,77,434.61108922958374,176,0.08400815725326538
1599,77,374.3854845762253,131,0.0641738772392273
1600,77,288.6012173593044,136,0.07401246577501297
1601,77,623.597170561552,139,0.08688786625862122
1602,77,221.12918853759766,94,0.061458174139261246
1603,77,308.4483972489834,92,0.05468441918492317
1604,77,274.2724280357361,112,0.06856442242860794
1605,77,346.20150250196457,153,0.08688786625862122
1606,77,223.1976304501295,113,0.05325126275420189
1607,77,106.52401822805405,70,0.02116965875029564
1608,77,379.0066138803959,120,0.08114192634820938
1609,77,822.8025397956371,131,0.08259058743715286
1610,77,402.6655558049679,143,0.08840491622686386
1611,77,306.72927463054657,137,0.056117575615644455
1612,77,303.89198768138885,125,0.061458174139261246
1613,78,1872.593601822853,135,0.06633123010396957
1614,78,543.8273961544037,94,0.05468441918492317
1615,78,473.44997504353523,139,0.07967501878738403
1616,78,387.13164830207825,113,0.07820200175046921
1617,78,428.3098919391632,112,0.07967501878738403
1618,78,601.2874282002449,145,0.08688786625862122
1619,78,222.8411224782467,69,0.03373800218105316
1620,78,347.61114022135735,155,0.08542312681674957
1621,78,560.0476195216179,126,0.07967501878738403
1622,78,243.1838522553444,122,0.0641738772392273
1623,78,123.44713512063026,58,0.02739414945244789
1624,78,407.3937523961067,179,0.08542312681674957
1625,78,279.5841488838196,134,0.07254086434841156
1626,78,278.0127592086792,135,0.06856442242860794
1627,78,161.48284792900085,84,0.04926152154803276
1628,78,236.89403738081455,150,0.04926152154803276
1629,78,421.69782561063766,131,0.08114192634820938
1630,79,475.8273464143276,136,0.08542312681674957
1631,79,214.10114294290543,87,0.046704936772584915
1632,79,303.18641689419746,80,0.05053981393575668
1633,79,1381.4432602971792,150,0.07254086434841156
1634,79,327.87599354982376,125,0.08400815725326538
1635,79,419.57302552461624,187,0.08400815725326538
1636,79,317.5849506855011,186,0.05755073204636574
1637,79,901.4878158569336,82,0.04926152154803276
1638,79,399.10146894305944,139,0.05755073204636574
1639,79,193.3643265515566,104,0.03895632177591324
1640,79,132.25083076953888,88,0.02988394722342491
1641,79,279.2506642341614,110,0.08114192634820938
1642,79,174.7874892950058,77,0.03895632177591324
1643,79,343.06998920440674,120,0.0707751214504242
1644,79,337.4514538347721,131,0.07820200175046921
1645,79,75.18808847665787,76,0.0
1646,79,295.9188547730446,92,0.056117575615644455
1647,79,40.85139727592468,42,0.0
1648,80,132.30680632591248,73,0.02988394722342491
1649,80,294.071614921093,129,0.0767328217625618
1650,80,253.758032605052,87,0.04542664438486099
1651,80,303.9764696955681,141,0.07967501878738403
1652,80,250.1452814936638,117,0.0641738772392273
1653,80,462.7412248849869,156,0.08400815725326538
1654,80,226.39889588952065,120,0.0286390483379364
1655,80,178.89604502916336,89,0.04798322916030884
1656,80,487.82283464074135,142,0.08542312681674957
1657,80,319.28715485334396,103,0.06856442242860794
1658,80,378.2121788561344,197,0.058853212743997574
1659,80,305.88129687309265,107,0.05755073204636574
1660,80,264.17912769317627,89,0.04287005960941315
1661,80,219.3403339087963,125,0.04798322916030884
1662,80,489.9916778206825,148,0.08400815725326538
1663,80,276.07136538624763,130,0.08114192634820938
1664,80,291.38442343473434,97,0.07967501878738403
1665,81,124.0837499499321,68,0.03504258394241333
1666,81,520.6026868224144,135,0.08542312681674957
1667,81,134.56014847755432,100,0.0286390483379364
1668,81,33.41979789733887,34,0.0
1669,81,202.1372200846672,83,0.056117575615644455
1670,81,302.71169078350067,118,0.06633123010396957
1671,81,251.74376711249352,136,0.07820200175046921
1672,81,68.8342319726944,40,0.016219547018408775
1673,81,108.38841280341148,66,0.02739414945244789
1674,81,152.78630951046944,77,0.0363471619784832
1675,81,289.17520962655544,135,0.07254086434841156
1676,81,623.2764701247215,135,0.07535088062286377
1677,81,322.0381732583046,125,0.0767328217625618
1678,81,355.98047253489494,140,0.08542312681674957
1679,81,115.10622870922089,64,0.03373800218105316
1680,81,75.73929464817047,77,0.0
1681,81,329.6230529844761,134,0.07820200175046921
1682,81,205.89648133516312,112,0.06015569344162941
1683,81,275.72240036726,109,0.07820200175046921
1684,81,288.6018825471401,116,0.07254086434841156
1685,82,283.31646114587784,122,0.07820200175046921
1686,82,299.9205864071846,129,0.07967501878738403
1687,82,424.24551969766617,137,0.08688786625862122
1688,82,462.0265251994133,151,0.08400815725326538
1689,82,309.0271043777466,170,0.0707751214504242
1690,82,393.7915323972702,153,0.08688786625862122
1691,82,288.40770453214645,143,0.08542312681674957
1692,82,421.78728649020195,131,0.08114192634820938
1693,82,112.81921738386154,67,0.0286390483379364
1694,82,181.3808912038803,83,0.04798322916030884
1695,82,353.65049213171005,150,0.08259058743715286
1696,82,25.791211783885956,27,0.0
1697,82,352.5295419096947,161,0.07967501878738403
1698,82,337.87739914655685,123,0.08114192634820938
1699,82,336.38008415699005,120,0.08400815725326538
1700,82,177.66054582595825,103,0.04287005960941315
1701,82,217.39031612873077,82,0.0286390483379364
1702,82,352.8846426010132,91,0.05325126275420189
1703,83,200.44469147920609,103,0.058853212743997574
1704,83,457.2957750558853,138,0.08259058743715286
1705,83,164.8632220029831,55,0.02490435354411602
1706,83,308.4965740442276,126,0.08688786625862122
1707,83,336.2990539073944,136,0.07967501878738403
1708,83,202.302849650383,89,0.04542664438486099
1709,83,37.34540033340454,37,0.0
1710,83,1285.8681589365005,153,0.08400815725326538
1711,83,342.8349643945694,115,0.08259058743715286
1712,83,266.44292348623276,118,0.08400815725326538
1713,83,730.5208828449249,110,0.07967501878738403
1714,83,254.3770680129528,134,0.0641738772392273
1715,83,327.9448993206024,146,0.06633123010396957
1716,83,422.61680993437767,158,0.08114192634820938
1717,83,142.1516903489828,87,0.03895632177591324
1718,83,288.52791225910187,106,0.06281602382659912
1719,83,283.0439128577709,131,0.07820200175046921
1720,84,480.84727984666824,133,0.08400815725326538
1721,84,248.59797340631485,99,0.06633123010396957
1722,84,315.9794599749148,139,0.06633123010396957
1723,84,45.06973433494568,45,0.0
1724,84,433.79236245155334,201,0.06015569344162941
1725,84,466.0466305613518,93,0.051818106323480606
1726,84,325.8649147748947,121,0.0707751214504242
1727,84,409.04907900094986,115,0.07967501878738403
1728,84,339.78947100043297,145,0.08259058743715286
1729,84,229.0679702758789,132,0.061458174139261246
1730,84,128.77551174163818,73,0.03373800218105316
1731,84,471.7540408372879,143,0.08114192634820938
1732,84,388.11481338739395,142,0.08259058743715286
1733,84,198.91231656074524,104,0.061458174139261246
1734,84,387.8779727220535,126,0.08400815725326538
1735,84,210.51177912950516,140,0.03765174373984337
1736,84,360.84625002741814,121,0.0707751214504242
1737,84,188.56792545318604,73,0.03243342414498329
1738,85,53.9549263715744,55,0.0
1739,85,46.827403247356415,47,0.0
1740,85,174.10118308663368,94,0.04414835199713707
1741,85,180.39143174886703,101,0.051818106323480606
1742,85,478.6711415499449,124,0.07820200175046921
1743,85,400.21856874227524,134,0.08114192634820938
1744,85,389.7356727719307,117,0.051818106323480606
1745,85,334.1436948776245,108,0.04287005960941315
1746,85,2552.9770152941346,136,0.07254086434841156
1747,85,166.83004668354988,87,0.04026089981198311
1748,85,233.28556036949158,74,0.0363471619784832
1749,85,120.1750636100769,62,0.019924761727452278
1750,85,652.2302945256233,126,0.08259058743715286
1751,85,312.0631611943245,120,0.06633123010396957
1752,85,159.70251688361168,70,0.02614925242960453
1753,85,862.268669128418,187,0.08114192634820938
1754,85,140.92472062259912,76,0.03765174373984337
1755,85,261.94825994968414,106,0.056117575615644455
1756,85,146.87655359506607,80,0.03895632177591324
1757,85,208.3587794750929,89,0.056117575615644455
1758,86,361.15638184547424,178,0.09152805805206299
1759,86,434.26203395426273,176,0.08114192634820938
1760,86,949.2659189999104,149,0.08400815725326538
1761,86,298.0608180463314,163,0.05755073204636574
1762,86,56.46190568804741,39,0.010068757459521294
1763,86,281.01165115460753,151,0.07820200175046921
1764,86,319.2260326743126,153,0.08114192634820938
1765,86,451.6493971645832,170,0.09819023311138153
1766,86,317.113557100296,154,0.06856442242860794
1767,86,1428.5662393569946,150,0.08259058743715286
1768,86,477.9659271836281,167,0.08840491622686386
1769,86,217.88961231708527,114,0.04414835199713707
1770,86,203.36723685264587,95,0.04156548157334328
1771,86,160.39613211154938,93,0.05325126275420189
1772,86,281.4403617978096,103,0.0641738772392273
1773,87,215.28433620929718,125,0.05755073204636574
1774,87,617.2509947419167,173,0.08542312681674957
1775,87,27.004826188087463,27,0.0
1776,87,353.98703479766846,143,0.08400815725326538
1777,87,330.00268322229385,111,0.056117575615644455
1778,87,242.71773178875446,118,0.0707751214504242
1779,87,434.6624679416418,245,0.07820200175046921
1780,87,105.11666482686996,107,0.0
1781,87,29.67610377073288,31,0.0
1782,87,241.77476509287953,133,0.0767328217625618
1783,87,547.2975144982338,143,0.08114192634820938
1784,87,421.3423202633858,185,0.08995965868234634
1785,87,506.2473309747875,193,0.07820200175046921
1786,87,446.089811950922,163,0.09313339740037918
1787,87,519.4001283049583,153,0.08400815725326538
1788,88,826.0822718143463,183,0.08259058743715286
1789,88,438.4771572947502,151,0.08400815725326538
1790,88,26.57569545507431,27,0.0
1791,88,26.420805156230927,27,0.0
1792,88,221.34393286705017,105,0.03765174373984337
1793,88,379.87607473134995,150,0.08400815725326538
1794,88,566.7525560259819,180,0.08840491622686386
1795,88,365.0336277484894,184,0.08840491622686386
1796,88,170.4168872833252,95,0.046704936772584915
1797,88,2560.079659551382,128,0.06856442242860794
1798,88,393.7477040886879,137,0.08400815725326538
1799,88,316.4518457055092,136,0.08542312681674957
1800,88,18.66685527563095,20,0.0
1801,88,185.03457340598106,92,0.046704936772584915
1802,88,182.97355660796165,109,0.04926152154803276
1803,88,398.2906854748726,158,0.0707751214504242
1804,88,289.461877822876,122,0.0641738772392273
1805,89,277.4416274726391,129,0.051818106323480606
1806,89,402.0057197213173,182,0.07967501878738403
1807,89,38.421401381492615,39,0.0
1808,89,335.7910600602627,105,0.04926152154803276
1809,89,310.2707237303257,153,0.07401246577501297
1810,89,153.10120955109596,74,0.018679862841963768
1811,89,275.8894616663456,112,0.05468441918492317
1812,89,287.3850964307785,137,0.08114192634820938
1813,89,406.39510959386826,131,0.07254086434841156
1814,89,40.45133310556412,41,0.0
1815,89,464.2682259082794,122,0.046704936772584915
1816,89,391.73260885477066,137,0.06856442242860794
1817,89,61.07997965812683,62,0.0
1818,89,227.3828867673874,79,0.0363471619784832
1819,89,752.382926940918,178,0.06856442242860794
1820,89,239.2692139968276,123,0.04926152154803276
1821,89,127.99222630262375,81,0.02614925242960453
1822,89,54.55086696147919,52,0.0
1823,89,298.0365169942379,168,0.0641738772392273
1824,90,409.8212939500809,169,0.08542312681674957
1825,90,1602.3980284929276,174,0.08400815725326538
1826,90,421.3431131243706,175,0.08688786625862122
1827,90,25.799910485744476,27,0.0
1828,90,69.52995198965073,71,0.0
1829,90,19.923447906970978,21,0.0
1830,90,326.93618190288544,152,0.07820200175046921
1831,90,410.9833714514971,187,0.06856442242860794
1832,90,558.513987660408,90,0.04287005960941315
1833,90,800.2634447813034,195,0.08114192634820938
1834,90,290.4839522242546,141,0.08114192634820938
1835,90,32.20033150911331,33,0.0
1836,90,243.45554089546204,109,0.05325126275420189
1837,90,18.87898874282837,20,0.0
1838,90,351.6602184176445,143,0.08259058743715286
1839,90,188.6455470919609,89,0.04798322916030884
1840,90,26.42729651927948,27,0.0
1841,90,413.23493990302086,162,0.08114192634820938
1842,91,385.30022993683815,154,0.07254086434841156
1843,91,400.09145003557205,160,0.08542312681674957
1844,91,370.5079148411751,164,0.08688786625862122
1845,91,592.0938809812069,125,0.058853212743997574
1846,91,183.31917703151703,90,0.04156548157334328
1847,91,574.1348757445812,149,0.08400815725326538
1848,91,765.9457033872604,183,0.07254086434841156
1849,91,431.6277474164963,166,0.08259058743715286
1850,91,298.7146002650261,162,0.08542312681674957
1851,91,18.58772599697113,20,0.0
1852,91,30.654755175113678,32,0.0
1853,91,66.43830624222755,44,0.01744970493018627
1854,91,279.0159831941128,140,0.07820200175046921
1855,91,266.951678365469,147,0.051818106323480606
1856,91,95.00071746110916,54,0.02116965875029564
1857,91,456.07555466890335,145,0.08114192634820938
1858,91,297.1336091309786,155,0.07820200175046921
1859,92,460.1692714691162,122,0.07820200175046921
1860,92,32.684616446495056,32,0.0
1861,92,448.7601011991501,141,0.08542312681674957
1862,92,55.62306958436966,55,0.0
1863,92,353.3906528055668,93,0.05755073204636574
1864,92,319.49181789159775,144,0.08400815725326538
1865,92,448.85072898864746,181,0.08542312681674957
1866,92,184.93840819597244,109,0.051818106323480606
1867,92,329.75438129901886,133,0.07820200175046921
1868,92,60.75939565896988,45,0.010068757459521294
1869,92,183.89896416664124,102,0.02739414945244789
1870,92,379.1968494653702,145,0.08259058743715286
1871,92,221.7166991829872,122,0.061458174139261246
1872,92,346.5867992043495,177,0.08259058743715286
1873,92,493.5956541597843,179,0.0707751214504242
1874,92,386.98576843738556,129,0.08400815725326538
1875,92,338.2677791416645,136,0.07820200175046921
1876,93,200.40640780329704,110,0.05755073204636574
1877,93,453.0585916042328,159,0.07967501878738403
1878,93,27.807072818279266,29,0.0
1879,93,413.3985404968262,86,0.04926152154803276
1880,93,42.459988713264465,44,0.0
1881,93,207.66409566998482,111,0.056117575615644455
1882,93,496.59936997294426,132,0.08542312681674957
1883,93,312.0536784827709,152,0.0767328217625618
1884,93,2053.7440642118454,155,0.0707751214504242
1885,93,283.0881463587284,62,0.02614925242960453
1886,93,501.582737326622,150,0.08114192634820938
1887,93,2693.931284546852,181,0.08542312681674957
1888,93,781.1516809761524,151,0.08259058743715286
1889,93,317.92107981443405,142,0.07967501878738403
1890,93,36.18142020702362,37,0.0
1891,93,40.43877583742142,41,0.0
1892,93,202.55667626857758,84,0.04414835199713707
1893,93,257.4250785112381,129,0.06633123010396957
1894,93,339.70080801844597,164,0.0707751214504242
1895,94,391.2099995613098,123,0.0767328217625618
1896,94,21.92848038673401,23,0.0
1897,94,305.91205782443285,131,0.07967501878738403
1898,94,238.522210419178,96,0.04542664438486099
1899,94,413.19139420986176,137,0.07254086434841156
1900,94,459.48064932227135,130,0.07967501878738403
1901,94,486.37472397089005,161,0.08995965868234634
1902,94,253.70418936014175,125,0.04542664438486099
1903,94,57.92734378576279,59,0.0
1904,94,39.99131512641907,41,0.0
1905,94,418.98814591765404,212,0.08688786625862122
1906,94,35.01366448402405,36,0.0
1907,94,375.7733878791332,169,0.07967501878738403
1908,94,1136.6404421180487,145,0.06856442242860794
1909,94,133.80720150470734,91,0.031128844246268272
1910,94,275.6337676644325,98,0.051818106323480606
1911,94,367.22658586502075,153,0.07820200175046921
1912,95,3987.4281058609486,176,0.08995965868234634
1913,95,293.43156995251775,167,0.05755073204636574
1914,95,482.61398380994797,193,0.07967501878738403
1915,95,316.24798810482025,150,0.07535088062286377
1916,95,278.2232716679573,120,0.07820200175046921
1917,95,482.3505682647228,121,0.05468441918492317
1918,95,211.77186550945044,118,0.05755073204636574
1919,95,334.0169554948807,173,0.07967501878738403
1920,95,383.58199286460876,182,0.07820200175046921
1921,95,370.4617739915848,136,0.0641738772392273
1922,95,354.3244537115097,136,0.08259058743715286
1923,95,415.49132788181305,86,0.06633123010396957
1924,95,365.971499055624,150,0.08688786625862122
1925,95,202.4130218476057,115,0.05755073204636574
1926,95,182.20869201421738,51,0.02241455763578415
1927,95,51.969414591789246,53,0.0
1928,96,528.8167101740837,121,0.07820200175046921
1929,96,389.56155413389206,163,0.08688786625862122
1930,96,172.08851900696754,83,0.04026089981198311
1931,96,413.0712858736515,169,0.08542312681674957
1932,96,300.3090469688177,166,0.08114192634820938
1933,96,398.325882345438,123,0.0767328217625618
1934,96,257.3199678659439,95,0.04156548157334328
1935,96,33.132897198200226,34,0.0
1936,96,305.4997588545084,118,0.08114192634820938
1937,96,704.0910970121622,140,0.06633123010396957
1938,96,318.4073812365532,129,0.08114192634820938
1939,96,444.27169251441956,123,0.07401246577501297
1940,96,742.9178858399391,139,0.08114192634820938
1941,96,132.5648838430643,76,0.02988394722342491
1942,96,353.98569993674755,151,0.07254086434841156
1943,96,324.6123530268669,130,0.08114192634820938
1944,96,50.462212324142456,51,0.0
1945,97,188.3097423017025,89,0.04798322916030884
1946,97,404.4696378707886,145,0.08542312681674957
1947,97,1015.4173016548157,180,0.0767328217625618
1948,97,479.35588435828686,182,0.08995965868234634
1949,97,328.02001762390137,149,0.08114192634820938
1950,97,26.834826111793518,28,0.0
1951,97,38.55101156234741,39,0.0
1952,97,342.3644966483116,119,0.0767328217625618
1953,97,574.0596150383353,231,0.08688786625862122
1954,97,38.047981679439545,39,0.0
1955,97,672.3358961343765,127,0.08114192634820938
1956,97,253.83247447013855,134,0.056117575615644455
1957,97,248.5057692863047,164,0.06633123010396957
1958,97,375.2136520445347,117,0.07254086434841156
1959,97,444.29821395874023,152,0.08688786625862122
1960,97,367.6364578008652,124,0.07535088062286377
1961,98,212.73301124572754,114,0.0707751214504242
1962,98,37.146631479263306,38,0.0
1963,98,191.33795914053917,91,0.04414835199713707
1964,98,453.8799760937691,191,0.08114192634820938
1965,98,50.114083647727966,51,0.0
1966,98,48.13976377248764,49,0.0
1967,98,408.5263704061508,145,0.07820200175046921
1968,98,434.55735194683075,147,0.0767328217625618
1969,98,284.6040484905243,135,0.07254086434841156
1970,98,393.93344354629517,137,0.08542312681674957
1971,98,426.16360779106617,243,0.11750178039073944
1972,98,256.0535859540105,136,0.06633123010396957
1973,98,202.07425338029861,113,0.04798322916030884
1974,98,328.24895968288183,154,0.05755073204636574
1975,98,42.90964192152023,44,0.0
1976,98,1029.6467216610909,177,0.08400815725326538
1977,98,369.28869915008545,161,0.0767328217625618
1978,99,331.5291077494621,133,0.07820200175046921
1979,99,31.13221651315689,32,0.0
1980,99,258.5798668861389,130,0.06633123010396957
1981,99,263.3585669696331,112,0.0641738772392273
1982,99,264.16245251894,148,0.0641738772392273
1983,99,292.9749252796173,128,0.07401246577501297
1984,99,286.976145491004,134,0.0767328217625618
1985,99,311.73222026228905,157,0.07967501878738403
1986,99,485.77652567625046,146,0.07535088062286377
1987,99,375.0049162507057,165,0.08114192634820938
1988,99,414.2524910867214,220,0.07401246577501297
1989,99,27.776207447052002,29,0.0
1990,99,547.4875840544701,175,0.08259058743715286
1991,99,24.653631806373596,26,0.0
1992,99,27.84899812936783,29,0.0
1993,99,402.28171026706696,172,0.08542312681674957
1994,99,190.49730499088764,116,0.04798322916030884
1995,100,262.9421208500862,143,0.06633123010396957
1996,100,596.5471400022507,139,0.07254086434841156
1997,100,572.519227206707,131,0.08114192634820938
1998,100,273.2640414685011,135,0.06856442242860794
1999,100,28.957996368408203,30,0.0
2000,100,411.19296258687973,156,0.08400815725326538
2001,100,277.1044905781746,127,0.07535088062286377
2002,100,388.01397040486336,196,0.10306266695261002
2003,100,57.65049988031387,59,0.0
2004,100,348.0990713238716,157,0.07967501878738403
2005,100,29.95771610736847,30,0.0
2006,100,295.13790076971054,158,0.0767328217625618
2007,100,20.575300097465515,22,0.0
2008,100,161.01130384206772,94,0.03895632177591324
2009,100,441.7844695150852,146,0.08259058743715286
2010,100,27.848885416984558,29,0.0
2011,100,340.0999417901039,129,0.08400815725326538
2012,100,263.19086480140686,145,0.058853212743997574
2013,101,618.5992375016212,154,0.07820200175046921
2014,101,321.21588709950447,134,0.061458174139261246
2015,101,1247.2748398780823,161,0.07967501878738403
2016,101,285.38731640577316,127,0.07820200175046921
2017,101,195.96945309638977,106,0.05053981393575668
2018,101,34.75338453054428,36,0.0
2019,101,332.0508696138859,151,0.08840491622686386
2020,101,347.174929857254,119,0.0641738772392273
2021,101,35.625222980976105,37,0.0
2022,101,391.7920298576355,157,0.08259058743715286
2023,101,455.9213445484638,137,0.08259058743715286
2024,101,547.5602356493473,147,0.07820200175046921
2025,101,408.80124881863594,139,0.08542312681674957
2026,101,428.76432955265045,138,0.07401246577501297
2027,101,412.93106359243393,154,0.08259058743715286
2028,102,536.9833124428988,209,0.07820200175046921
2029,102,250.06300392746925,111,0.058853212743997574
2030,102,298.360327064991,137,0.07401246577501297
2031,102,189.14806175231934,105,0.051818106323480606
2032,102,43.17619150876999,44,0.0
2033,102,361.3798362314701,163,0.08259058743715286
2034,102,389.52145209908485,123,0.08259058743715286
2035,102,33.251774072647095,34,0.0
2036,102,329.05503791570663,146,0.07401246577501297
2037,102,409.429381236434,225,0.08688786625862122
2038,102,357.249488055706,140,0.08400815725326538
2039,102,69.16026401519775,68,0.0
2040,102,208.19524471461773,124,0.058853212743997574
2041,102,236.66097124665976,136,0.061458174139261246
2042,102,110.6332935988903,70,0.03765174373984337
2043,102,46.9380607008934,48,0.0
2044,102,227.52375860512257,146,0.056117575615644455
2045,102,372.2169355750084,139,0.08400815725326538
2046,103,428.6550481021404,169,0.08542312681674957
2047,103,353.13096979260445,158,0.08542312681674957
2048,103,340.3490092456341,148,0.04542664438486099
2049,103,517.6006124913692,182,0.10624442994594574
2050,103,147.23180735111237,84,0.04287005960941315
2051,103,308.9655948281288,172,0.06633123010396957
2052,103,395.41925197839737,164,0.08400815725326538
2053,103,28.09631496667862,29,0.0
2054,103,475.53702211380005,152,0.07967501878738403
2055,103,787.0811378359795,180,0.08995965868234634
2056,103,165.46316969394684,90,0.04026089981198311
2057,103,223.81712958216667,75,0.02988394722342491
2058,103,260.7769515812397,129,0.0707751214504242
2059,103,415.9649740457535,235,0.08114192634820938
2060,104,780.9092822000384,217,0.10937900096178055
2061,104,361.7045860886574,168,0.08259058743715286
2062,104,2294.0119956731796,512,0.2623806595802307
2063,104,230.16639351844788,116,0.06856442242860794
2064,104,236.16461345553398,120,0.05468441918492317
2065,104,577.7116280347109,172,0.06281602382659912
2066,104,692.8866274952888,184,0.08542312681674957
2067,104,31.02593606710434,32,0.0
2068,104,441.2815504670143,182,0.08840491622686386
2069,104,350.535763412714,149,0.0641738772392273
2070,104,242.33808694779873,110,0.05468441918492317
2071,104,248.04068952798843,113,0.056117575615644455
2072,105,397.44865192472935,156,0.08400815725326538
2073,105,19.877174198627472,21,0.0
2074,105,376.0983917117119,146,0.08259058743715286
2075,105,809.0738455057144,159,0.08542312681674957
2076,105,27.462877869606018,28,0.0
2077,105,678.5866077840328,245,0.08400815725326538
2078,105,214.69039070606232,113,0.05468441918492317
2079,105,345.5710009634495,201,0.08542312681674957
2080,105,470.1430702805519,189,0.08840491622686386
2081,105,565.2013859152794,185,0.10466635972261429
2082,105,291.19252663850784,127,0.051818106323480606
2083,105,406.8730947971344,150,0.058853212743997574
2084,105,30.641479432582855,32,0.0
2085,105,220.07528978586197,106,0.046704936772584915
2086,105,981.1660212874413,204,0.09313339740037918
2087,106,1946.8090466558933,213,0.08542312681674957
2088,106,1553.6006761491299,152,0.08542312681674957
2089,106,31.174443900585175,32,0.0
2090,106,658.4099618494511,206,0.10306266695261002
2091,106,207.41182565689087,95,0.046704936772584915
2092,106,227.87795414030552,189,0.04414835199713707
2093,106,19.470152139663696,21,0.0
2094,106,41.70001357793808,42,0.0
2095,106,488.4735322892666,166,0.08542312681674957
2096,106,349.787851318717,141,0.06856442242860794
2097,106,226.6203382909298,134,0.0641738772392273
2098,106,411.36786553263664,189,0.08259058743715286
2099,106,31.747388184070587,32,0.0
2100,106,814.2325752973557,184,0.07967501878738403
2101,106,319.25502586364746,139,0.0641738772392273
2102,106,414.20474949106574,159,0.0767328217625618
2103,106,39.766012609004974,41,0.0
2104,106,30.819648563861847,32,0.0
2105,107,354.22914960980415,134,0.051818106323480606
2106,107,813.2504928857088,184,0.08995965868234634
2107,107,539.0958923697472,175,0.08114192634820938
2108,107,476.6823224723339,228,0.08400815725326538
2109,107,300.1842869594693,158,0.07535088062286377
2110,107,34.94426554441452,36,0.0
2111,107,492.62589102983475,180,0.08542312681674957
2112,107,282.8638421744108,105,0.056117575615644455
2113,107,395.630313873291,199,0.08400815725326538
2114,107,385.7179643213749,155,0.08114192634820938
2115,107,21.59905755519867,23,0.0
2116,107,307.1200333237648,168,0.08995965868234634
2117,107,354.35702162981033,105,0.061458174139261246
2118,107,676.8125383257866,152,0.08259058743715286
2119,108,759.1717239022255,166,0.08400815725326538
2120,108,470.84447264671326,180,0.08688786625862122
2121,108,429.86164593696594,153,0.07820200175046921
2122,108,327.4379152059555,118,0.04542664438486099
2123,108,25324.6807564795,179,0.08114192634820938
2124,108,54.67360579967499,56,0.0
2125,108,301.6299079358578,121,0.056117575615644455
2126,108,27.747250020503998,29,0.0
2127,108,357.3451826572418,161,0.08840491622686386
2128,108,333.2571442052722,152,0.08114192634820938
2129,108,268.97036159038544,138,0.06633123010396957
2130,108,533.8958687782288,154,0.08259058743715286
2131,108,473.47130846977234,169,0.07401246577501297
2132,108,736.8852142393589,151,0.08400815725326538
2133,108,510.91911850869656,157,0.06856442242860794
2134,109,927.8127022981644,158,0.08259058743715286
2135,109,517.1206612586975,158,0.0707751214504242
2136,109,279.21162286400795,150,0.07535088062286377
2137,110,1498.9389537870884,2999,0.0
2138,110,44.75732862949371,43,0.0
2139,110,311.13185235857964,167,0.0767328217625618
2140,110,40.178877115249634,39,0.0
2141,110,637.5464802384377,150,0.0767328217625618
2142,110,370.43284460902214,185,0.07535088062286377
2143,111,429.8649014532566,202,0.08688786625862122
2144,111,791.6655154079199,166,0.07820200175046921
2145,111,507.9529193043709,244,0.08114192634820938
2146,111,243.0955451875925,109,0.056117575615644455
2147,111,427.84956389665604,203,0.08542312681674957
2148,111,43.74187248945236,45,0.0
2149,111,379.0660450607538,159,0.07967501878738403
2150,111,38.602370381355286,36,0.0
2151,111,380.32370990514755,180,0.08400815725326538
2152,111,28.726625084877014,30,0.0
2153,111,370.061906427145,151,0.08400815725326538
2154,111,520.7556339502335,153,0.07535088062286377
2155,111,421.6881662607193,243,0.07401246577501297
2156,111,26.58404266834259,27,0.0
2157,112,384.7700434625149,177,0.08995965868234634
2158,112,894.2432047128677,173,0.08400815725326538
2159,112,226.4458839148283,108,0.03895632177591324
2160,112,42.647983849048615,44,0.0
2161,112,571.110444933176,160,0.08259058743715286
2162,112,114.08084404468536,69,0.02116965875029564
2163,112,648.7249004393816,189,0.08542312681674957
2164,112,2434.917593717575,142,0.06856442242860794
2165,112,595.6632893681526,215,0.07967501878738403
2166,112,760.2813832759857,126,0.07535088062286377
2167,112,541.2120449990034,156,0.07254086434841156
2168,112,1026.5609772652388,151,0.08542312681674957
2169,112,5114.740508854389,206,0.09819023311138153
2170,112,187.59908837080002,78,0.02241455763578415
2171,112,266.73128896951675,138,0.06281602382659912
2172,113,353.6290796995163,151,0.07820200175046921
2173,113,535.7440119832754,150,0.08400815725326538
2174,113,862.5267866700888,125,0.07967501878738403
2175,113,513.6865292787552,156,0.08259058743715286
2176,113,375.1674542427063,126,0.06856442242860794
2177,113,307.51371544599533,134,0.07401246577501297
2178,113,257.34985649585724,146,0.05053981393575668
2179,113,321.64751720428467,148,0.07535088062286377
2180,113,404.1655235886574,180,0.08400815725326538
2181,113,580.1142938733101,148,0.08259058743715286
2182,113,353.5842350721359,158,0.07820200175046921
2183,113,186.9195484817028,90,0.03895632177591324
2184,113,233.95055045187473,138,0.05468441918492317
2185,113,341.0578713417053,152,0.07254086434841156
2186,113,28.718563675880432,30,0.0
2187,114,790.8484011888504,100,0.04926152154803276
2188,114,459.3472646474838,181,0.08840491622686386
2189,114,914.8576259613037,124,0.08400815725326538
2190,114,35.80256950855255,37,0.0
2191,114,427.1971126496792,152,0.08400815725326538
2192,114,373.94426214694977,122,0.07535088062286377
2193,114,1430.3710483908653,123,0.08114192634820938
2194,114,30.835895240306854,32,0.0
2195,114,1042.4548434615135,135,0.061458174139261246
2196,114,170.1711866557598,97,0.04026089981198311
2197,114,394.9224916100502,158,0.08688786625862122
2198,114,1355.4255039691925,140,0.07820200175046921
2199,114,365.4463406801224,167,0.08542312681674957
2200,114,441.73579800128937,122,0.0767328217625618
2201,114,343.77432215213776,122,0.08259058743715286
2202,114,379.1926486492157,122,0.06856442242860794
2203,114,873.09430372715,141,0.08114192634820938
2204,115,333.6406364440918,180,0.07967501878738403
2205,115,24.80284345149994,26,0.0
2206,115,215.99273645877838,105,0.046704936772584915
2207,115,392.7125201225281,65,0.0286390483379364
2208,115,366.02425476908684,157,0.08542312681674957
2209,115,179.93658185005188,72,0.04542664438486099
2210,115,403.4939176142216,131,0.0767328217625618
2211,115,480.7030700445175,122,0.08114192634820938
2212,115,35.93310737609863,37,0.0
2213,115,24.832154095172882,26,0.0
2214,115,499.2210829257965,112,0.07967501878738403
2215,115,439.5462155789137,161,0.08114192634820938
2216,115,624.4270705580711,132,0.06856442242860794
2217,115,703.7127784490585,176,0.08840491622686386
2218,115,913.3246603906155,190,0.08259058743715286
2219,115,457.6495284438133,135,0.08542312681674957
2220,115,523.3729942440987,158,0.08114192634820938
2221,116,363.7083537578583,154,0.07535088062286377
2222,116,2157.6330405175686,134,0.07535088062286377
2223,116,874.556477278471,137,0.07967501878738403
2224,116,220.75074535608292,113,0.05468441918492317
2225,116,296.39714835584164,129,0.058853212743997574
2226,116,391.3660354465246,166,0.07967501878738403
2227,116,137.0945724248886,74,0.04156548157334328
2228,116,305.69998213648796,150,0.08259058743715286
2229,116,310.8551816046238,132,0.07401246577501297
2230,116,399.1413518190384,156,0.07820200175046921
2231,116,207.90164603292942,137,0.056117575615644455
2232,116,361.01907205581665,159,0.08259058743715286
2233,116,400.4071058034897,180,0.08400815725326538
2234,116,379.7960938811302,152,0.08114192634820938
2235,116,690.522606253624,152,0.08840491622686386
2236,117,607.9631384313107,165,0.08840491622686386
2237,117,446.2632858455181,166,0.07967501878738403
2238,117,44.84739416837692,46,0.0
2239,117,323.68411350250244,138,0.0767328217625618
2240,117,170.01975244283676,99,0.03243342414498329
2241,117,427.3296678215265,172,0.08542312681674957
2242,117,503.0844220519066,158,0.08400815725326538
2243,117,148.0989489555359,95,0.03243342414498329
2244,117,641.8058248460293,173,0.08114192634820938
2245,117,417.15118919312954,150,0.08114192634820938
2246,117,411.9701665043831,156,0.08114192634820938
2247,117,795.1461251676083,163,0.08259058743715286
2248,117,892.3146582841873,153,0.07401246577501297
2249,117,525.7358838319778,148,0.08995965868234634
2250,118,293.09456861019135,131,0.05755073204636574
2251,118,128.2722401022911,84,0.031128844246268272
2252,118,319.7147810459137,136,0.0641738772392273
2253,118,522.8136975169182,155,0.08542312681674957
2254,118,48.916192293167114,49,0.0
2255,118,709.1983116865158,183,0.08114192634820938
2256,118,485.0459363460541,203,0.08114192634820938
2257,118,411.62577134370804,144,0.08542312681674957
2258,118,394.5850739479065,154,0.08259058743715286
2259,118,342.3477308154106,124,0.07535088062286377
2260,118,266.5495444536209,128,0.06633123010396957
2261,118,411.49104222655296,146,0.08259058743715286
2262,118,353.966095238924,144,0.07820200175046921
2263,118,402.69596952199936,157,0.08114192634820938
2264,118,155.97881495952606,95,0.04026089981198311
2265,119,367.49562832713127,137,0.07820200175046921
2266,119,50.99061697721481,28,0.0
2267,119,344.39781165122986,152,0.08114192634820938
2268,119,249.9432222545147,100,0.04156548157334328
2269,119,233.10781970620155,117,0.06015569344162941
2270,119,37.69978004693985,37,0.0
2271,119,470.60522335767746,166,0.07820200175046921
2272,119,738.4531120657921,151,0.08400815725326538
2273,119,211.29605102539062,120,0.04542664438486099
2274,119,317.6786410212517,141,0.08114192634820938
2275,119,64.48042094707489,66,0.0
2276,119,286.1340293288231,133,0.07967501878738403
2277,119,48.54453718662262,50,0.0
2278,119,301.0677829384804,155,0.07535088062286377
2279,119,26.780681848526,28,0.0
2280,119,580.2572830319405,179,0.07820200175046921
2281,119,352.0359061360359,145,0.07401246577501297
2282,119,397.55903942137957,165,0.0767328217625618
2283,119,38.810488760471344,40,0.0
